,county,fips,state_abbrv,state,fips_state,year,population,prescription_rate,age_adjusted_mortality_range,avg_mortality_rate,change_mortality_rate,change_prescription_rate
693,"Adams, IN",18001,IN,Indiana,18,2006,33887,64.1,4-5.9,4.95,,
3442,"Adams, IN",18001,IN,Indiana,18,2007,33962,66.3,6-7.9,6.95,2.0,2.200000000000003
6185,"Adams, IN",18001,IN,Indiana,18,2008,34214,68.4,6-7.9,6.95,0.0,2.1000000000000085
8939,"Adams, IN",18001,IN,Indiana,18,2009,34351,68.6,6-7.9,6.95,0.0,0.19999999999998863
11681,"Adams, IN",18001,IN,Indiana,18,2010,34455,65.7,8-9.9,8.95,1.9999999999999991,-2.8999999999999915
14419,"Adams, IN",18001,IN,Indiana,18,2011,34374,67.9,8-9.9,8.95,0.0,2.200000000000003
17161,"Adams, IN",18001,IN,Indiana,18,2012,34429,71.5,8-9.9,8.95,0.0,3.5999999999999943
19898,"Adams, IN",18001,IN,Indiana,18,2013,34671,69.5,8-9.9,8.95,0.0,-2.0
22681,"Adams, IN",18001,IN,Indiana,18,2014,34756,67.7,10-11.9,10.95,2.0,-1.7999999999999972
25634,"Adams, IN",18001,IN,Indiana,18,2015,34980,65.8,10-11.9,10.95,0.0,-1.9000000000000057
28590,"Adams, IN",18001,IN,Indiana,18,2016,35232,63.8,12-13.9,12.95,2.0,-2.0
694,"Allen, IN",18003,IN,Indiana,18,2006,346314,76.0,6-7.9,6.95,,
3443,"Allen, IN",18003,IN,Indiana,18,2007,349534,81.2,6-7.9,6.95,0.0,5.200000000000003
6186,"Allen, IN",18003,IN,Indiana,18,2008,351264,82.9,8-9.9,8.95,1.9999999999999991,1.7000000000000028
8940,"Allen, IN",18003,IN,Indiana,18,2009,353693,85.2,8-9.9,8.95,0.0,2.299999999999997
11682,"Allen, IN",18003,IN,Indiana,18,2010,355890,87.1,8-9.9,8.95,0.0,1.8999999999999915
14420,"Allen, IN",18003,IN,Indiana,18,2011,358782,89.7,8-9.9,8.95,0.0,2.6000000000000085
17162,"Allen, IN",18003,IN,Indiana,18,2012,360859,96.1,10-11.9,10.95,2.0,6.3999999999999915
19899,"Allen, IN",18003,IN,Indiana,18,2013,363473,90.8,10-11.9,10.95,0.0,-5.299999999999997
22682,"Allen, IN",18003,IN,Indiana,18,2014,365701,85.8,10-11.9,10.95,0.0,-5.0
25635,"Allen, IN",18003,IN,Indiana,18,2015,368450,82.1,12-13.9,12.95,2.0,-3.700000000000003
28591,"Allen, IN",18003,IN,Indiana,18,2016,370404,76.0,12-13.9,12.95,0.0,-6.099999999999994
695,"Bartholomew, IN",18005,IN,Indiana,18,2006,74508,123.9,8-9.9,8.95,,
3444,"Bartholomew, IN",18005,IN,Indiana,18,2007,75265,136.1,8-9.9,8.95,0.0,12.199999999999989
6187,"Bartholomew, IN",18005,IN,Indiana,18,2008,76080,139.7,10-11.9,10.95,2.0,3.5999999999999943
8941,"Bartholomew, IN",18005,IN,Indiana,18,2009,76566,140.9,10-11.9,10.95,0.0,1.200000000000017
11683,"Bartholomew, IN",18005,IN,Indiana,18,2010,76846,148.9,10-11.9,10.95,0.0,8.0
14421,"Bartholomew, IN",18005,IN,Indiana,18,2011,77630,150.8,12-13.9,12.95,2.0,1.9000000000000057
17163,"Bartholomew, IN",18005,IN,Indiana,18,2012,78924,141.7,12-13.9,12.95,0.0,-9.100000000000023
19900,"Bartholomew, IN",18005,IN,Indiana,18,2013,79505,130.1,14-15.9,14.95,2.0,-11.599999999999994
22683,"Bartholomew, IN",18005,IN,Indiana,18,2014,80220,113.1,14-15.9,14.95,0.0,-17.0
25636,"Bartholomew, IN",18005,IN,Indiana,18,2015,81162,101.1,14-15.9,14.95,0.0,-12.0
28592,"Bartholomew, IN",18005,IN,Indiana,18,2016,81402,93.5,16-17.9,16.95,2.0,-7.599999999999994
696,"Benton, IN",18007,IN,Indiana,18,2006,8871,21.0,8-9.9,8.95,,
3445,"Benton, IN",18007,IN,Indiana,18,2007,8805,7.8,10-11.9,10.95,2.0,-13.2
6188,"Benton, IN",18007,IN,Indiana,18,2008,8801,6.5,10-11.9,10.95,0.0,-1.2999999999999998
8942,"Benton, IN",18007,IN,Indiana,18,2009,8735,6.8,10-11.9,10.95,0.0,0.2999999999999998
11684,"Benton, IN",18007,IN,Indiana,18,2010,8856,17.9,12-13.9,12.95,2.0,11.099999999999998
14422,"Benton, IN",18007,IN,Indiana,18,2011,8856,26.1,12-13.9,12.95,0.0,8.200000000000003
17164,"Benton, IN",18007,IN,Indiana,18,2012,8807,26.2,14-15.9,14.95,2.0,0.09999999999999787
19901,"Benton, IN",18007,IN,Indiana,18,2013,8717,24.4,16-17.9,16.95,2.0,-1.8000000000000007
22684,"Benton, IN",18007,IN,Indiana,18,2014,8697,25.1,16-17.9,16.95,0.0,0.7000000000000028
25637,"Benton, IN",18007,IN,Indiana,18,2015,8681,21.1,18-19.9,18.95,2.0,-4.0
28593,"Benton, IN",18007,IN,Indiana,18,2016,8650,20.8,20-21.9,20.95,2.0,-0.3000000000000007
697,"Blackford, IN",18009,IN,Indiana,18,2006,13161,96.5,12-13.9,12.95,,
3446,"Blackford, IN",18009,IN,Indiana,18,2007,13078,110.5,14-15.9,14.95,2.0,14.0
6189,"Blackford, IN",18009,IN,Indiana,18,2008,12971,120.5,14-15.9,14.95,0.0,10.0
8943,"Blackford, IN",18009,IN,Indiana,18,2009,12844,122.3,16-17.9,16.95,2.0,1.7999999999999972
11685,"Blackford, IN",18009,IN,Indiana,18,2010,12750,126.0,18-19.9,18.95,2.0,3.700000000000003
14423,"Blackford, IN",18009,IN,Indiana,18,2011,12668,128.9,20-21.9,20.95,2.0,2.9000000000000057
17165,"Blackford, IN",18009,IN,Indiana,18,2012,12541,134.7,20-21.9,20.95,0.0,5.799999999999983
19902,"Blackford, IN",18009,IN,Indiana,18,2013,12473,132.1,22-23.9,22.95,2.0,-2.5999999999999943
22685,"Blackford, IN",18009,IN,Indiana,18,2014,12401,101.0,24-25.9,24.95,2.0,-31.099999999999994
25638,"Blackford, IN",18009,IN,Indiana,18,2015,12298,89.6,26-27.9,26.95,2.0,-11.400000000000006
28594,"Blackford, IN",18009,IN,Indiana,18,2016,12149,83.3,28-29.9,28.95,2.0,-6.299999999999997
698,"Boone, IN",18011,IN,Indiana,18,2006,52750,71.9,6-7.9,6.95,,
3447,"Boone, IN",18011,IN,Indiana,18,2007,53778,75.1,6-7.9,6.95,0.0,3.1999999999999886
6190,"Boone, IN",18011,IN,Indiana,18,2008,54648,82.5,6-7.9,6.95,0.0,7.400000000000006
8944,"Boone, IN",18011,IN,Indiana,18,2009,55915,81.7,8-9.9,8.95,1.9999999999999991,-0.7999999999999972
11686,"Boone, IN",18011,IN,Indiana,18,2010,56845,80.1,8-9.9,8.95,0.0,-1.6000000000000085
14424,"Boone, IN",18011,IN,Indiana,18,2011,57884,77.9,8-9.9,8.95,0.0,-2.1999999999999886
17166,"Boone, IN",18011,IN,Indiana,18,2012,59062,84.4,8-9.9,8.95,0.0,6.5
19903,"Boone, IN",18011,IN,Indiana,18,2013,60458,81.7,10-11.9,10.95,2.0,-2.700000000000003
22686,"Boone, IN",18011,IN,Indiana,18,2014,61805,79.2,10-11.9,10.95,0.0,-2.5
25639,"Boone, IN",18011,IN,Indiana,18,2015,63344,73.0,10-11.9,10.95,0.0,-6.200000000000003
28595,"Boone, IN",18011,IN,Indiana,18,2016,64653,66.7,12-13.9,12.95,2.0,-6.299999999999997
699,"Brown, IN",18013,IN,Indiana,18,2006,15329,51.9,8-9.9,8.95,,
3448,"Brown, IN",18013,IN,Indiana,18,2007,15274,52.2,10-11.9,10.95,2.0,0.30000000000000426
6191,"Brown, IN",18013,IN,Indiana,18,2008,15274,57.0,10-11.9,10.95,0.0,4.799999999999997
8945,"Brown, IN",18013,IN,Indiana,18,2009,15261,52.9,10-11.9,10.95,0.0,-4.100000000000001
11687,"Brown, IN",18013,IN,Indiana,18,2010,15200,49.5,12-13.9,12.95,2.0,-3.3999999999999986
14425,"Brown, IN",18013,IN,Indiana,18,2011,15064,47.6,12-13.9,12.95,0.0,-1.8999999999999986
17167,"Brown, IN",18013,IN,Indiana,18,2012,15054,48.9,14-15.9,14.95,2.0,1.2999999999999972
19904,"Brown, IN",18013,IN,Indiana,18,2013,15029,46.1,14-15.9,14.95,0.0,-2.799999999999997
22687,"Brown, IN",18013,IN,Indiana,18,2014,14932,42.4,16-17.9,16.95,2.0,-3.700000000000003
25640,"Brown, IN",18013,IN,Indiana,18,2015,14977,39.9,16-17.9,16.95,0.0,-2.5
28596,"Brown, IN",18013,IN,Indiana,18,2016,14912,39.7,18-19.9,18.95,2.0,-0.19999999999999574
700,"Carroll, IN",18015,IN,Indiana,18,2006,20179,35.5,6-7.9,6.95,,
3449,"Carroll, IN",18015,IN,Indiana,18,2007,20118,38.9,6-7.9,6.95,0.0,3.3999999999999986
6192,"Carroll, IN",18015,IN,Indiana,18,2008,20114,37.4,6-7.9,6.95,0.0,-1.5
8946,"Carroll, IN",18015,IN,Indiana,18,2009,20103,35.2,8-9.9,8.95,1.9999999999999991,-2.1999999999999957
11688,"Carroll, IN",18015,IN,Indiana,18,2010,20183,33.4,8-9.9,8.95,0.0,-1.8000000000000043
14426,"Carroll, IN",18015,IN,Indiana,18,2011,20088,39.8,8-9.9,8.95,0.0,6.399999999999999
17168,"Carroll, IN",18015,IN,Indiana,18,2012,20122,42.0,10-11.9,10.95,2.0,2.200000000000003
19905,"Carroll, IN",18015,IN,Indiana,18,2013,20101,37.4,10-11.9,10.95,0.0,-4.600000000000001
22688,"Carroll, IN",18015,IN,Indiana,18,2014,19904,34.9,10-11.9,10.95,0.0,-2.5
25641,"Carroll, IN",18015,IN,Indiana,18,2015,19856,32.9,12-13.9,12.95,2.0,-2.0
28597,"Carroll, IN",18015,IN,Indiana,18,2016,19970,30.6,12-13.9,12.95,0.0,-2.299999999999997
701,"Cass, IN",18017,IN,Indiana,18,2006,39255,72.7,4-5.9,4.95,,
3450,"Cass, IN",18017,IN,Indiana,18,2007,39033,73.5,4-5.9,4.95,0.0,0.7999999999999972
6193,"Cass, IN",18017,IN,Indiana,18,2008,39070,76.9,4-5.9,4.95,0.0,3.4000000000000057
8947,"Cass, IN",18017,IN,Indiana,18,2009,38968,81.2,4-5.9,4.95,0.0,4.299999999999997
11689,"Cass, IN",18017,IN,Indiana,18,2010,38974,82.1,4-5.9,4.95,0.0,0.8999999999999915
14427,"Cass, IN",18017,IN,Indiana,18,2011,38879,85.4,4-5.9,4.95,0.0,3.3000000000000114
17169,"Cass, IN",18017,IN,Indiana,18,2012,38697,86.1,6-7.9,6.95,2.0,0.6999999999999886
19906,"Cass, IN",18017,IN,Indiana,18,2013,38491,83.0,6-7.9,6.95,0.0,-3.0999999999999943
22689,"Cass, IN",18017,IN,Indiana,18,2014,38336,77.5,6-7.9,6.95,0.0,-5.5
25642,"Cass, IN",18017,IN,Indiana,18,2015,37979,76.0,6-7.9,6.95,0.0,-1.5
28598,"Cass, IN",18017,IN,Indiana,18,2016,37946,69.9,8-9.9,8.95,1.9999999999999991,-6.099999999999994
702,"Clark, IN",18019,IN,Indiana,18,2006,104148,116.8,10-11.9,10.95,,
3451,"Clark, IN",18019,IN,Indiana,18,2007,105672,127.7,12-13.9,12.95,2.0,10.900000000000006
6194,"Clark, IN",18019,IN,Indiana,18,2008,107406,142.9,12-13.9,12.95,0.0,15.200000000000003
8948,"Clark, IN",18019,IN,Indiana,18,2009,109067,144.2,12-13.9,12.95,0.0,1.299999999999983
11690,"Clark, IN",18019,IN,Indiana,18,2010,110557,144.3,14-15.9,14.95,2.0,0.10000000000002274
14428,"Clark, IN",18019,IN,Indiana,18,2011,111553,143.7,14-15.9,14.95,0.0,-0.6000000000000227
17170,"Clark, IN",18019,IN,Indiana,18,2012,111908,146.9,16-17.9,16.95,2.0,3.200000000000017
19907,"Clark, IN",18019,IN,Indiana,18,2013,112771,149.2,16-17.9,16.95,0.0,2.299999999999983
22690,"Clark, IN",18019,IN,Indiana,18,2014,114301,130.4,18-19.9,18.95,2.0,-18.799999999999983
25643,"Clark, IN",18019,IN,Indiana,18,2015,115371,115.9,18-19.9,18.95,0.0,-14.5
28599,"Clark, IN",18019,IN,Indiana,18,2016,116031,104.8,20-21.9,20.95,2.0,-11.100000000000009
703,"Clay, IN",18021,IN,Indiana,18,2006,27096,109.0,8-9.9,8.95,,
3452,"Clay, IN",18021,IN,Indiana,18,2007,26983,115.6,8-9.9,8.95,0.0,6.599999999999994
6195,"Clay, IN",18021,IN,Indiana,18,2008,27058,124.4,8-9.9,8.95,0.0,8.800000000000011
8949,"Clay, IN",18021,IN,Indiana,18,2009,26901,127.0,8-9.9,8.95,0.0,2.5999999999999943
11691,"Clay, IN",18021,IN,Indiana,18,2010,26853,133.5,10-11.9,10.95,2.0,6.5
14429,"Clay, IN",18021,IN,Indiana,18,2011,26881,127.7,10-11.9,10.95,0.0,-5.799999999999997
17171,"Clay, IN",18021,IN,Indiana,18,2012,26827,128.8,12-13.9,12.95,2.0,1.1000000000000085
19908,"Clay, IN",18021,IN,Indiana,18,2013,26735,122.7,12-13.9,12.95,0.0,-6.1000000000000085
22691,"Clay, IN",18021,IN,Indiana,18,2014,26483,112.8,12-13.9,12.95,0.0,-9.900000000000006
25644,"Clay, IN",18021,IN,Indiana,18,2015,26503,104.0,14-15.9,14.95,2.0,-8.799999999999997
28600,"Clay, IN",18021,IN,Indiana,18,2016,26309,94.8,14-15.9,14.95,0.0,-9.200000000000003
704,"Clinton, IN",18023,IN,Indiana,18,2006,33298,89.3,6-7.9,6.95,,
3453,"Clinton, IN",18023,IN,Indiana,18,2007,33188,96.2,8-9.9,8.95,1.9999999999999991,6.900000000000006
6196,"Clinton, IN",18023,IN,Indiana,18,2008,33352,101.9,8-9.9,8.95,0.0,5.700000000000003
8950,"Clinton, IN",18023,IN,Indiana,18,2009,33280,98.5,8-9.9,8.95,0.0,-3.4000000000000057
11692,"Clinton, IN",18023,IN,Indiana,18,2010,33203,97.9,10-11.9,10.95,2.0,-0.5999999999999943
14430,"Clinton, IN",18023,IN,Indiana,18,2011,33035,98.6,10-11.9,10.95,0.0,0.6999999999999886
17172,"Clinton, IN",18023,IN,Indiana,18,2012,32944,113.8,12-13.9,12.95,2.0,15.200000000000003
19909,"Clinton, IN",18023,IN,Indiana,18,2013,32913,111.3,12-13.9,12.95,0.0,-2.5
22692,"Clinton, IN",18023,IN,Indiana,18,2014,32672,98.0,14-15.9,14.95,2.0,-13.299999999999997
25645,"Clinton, IN",18023,IN,Indiana,18,2015,32609,79.5,14-15.9,14.95,0.0,-18.5
28601,"Clinton, IN",18023,IN,Indiana,18,2016,32457,70.0,16-17.9,16.95,2.0,-9.5
705,"Crawford, IN",18025,IN,Indiana,18,2006,11008,60.0,10-11.9,10.95,,
3454,"Crawford, IN",18025,IN,Indiana,18,2007,10933,63.8,10-11.9,10.95,0.0,3.799999999999997
6197,"Crawford, IN",18025,IN,Indiana,18,2008,10792,63.1,12-13.9,12.95,2.0,-0.6999999999999957
8951,"Crawford, IN",18025,IN,Indiana,18,2009,10664,69.9,12-13.9,12.95,0.0,6.800000000000004
11693,"Crawford, IN",18025,IN,Indiana,18,2010,10716,71.3,14-15.9,14.95,2.0,1.3999999999999915
14431,"Crawford, IN",18025,IN,Indiana,18,2011,10608,73.2,16-17.9,16.95,2.0,1.9000000000000057
17173,"Crawford, IN",18025,IN,Indiana,18,2012,10649,72.7,18-19.9,18.95,2.0,-0.5
19910,"Crawford, IN",18025,IN,Indiana,18,2013,10586,72.6,20-21.9,20.95,2.0,-0.10000000000000853
22693,"Crawford, IN",18025,IN,Indiana,18,2014,10627,62.3,20-21.9,20.95,0.0,-10.299999999999997
25646,"Crawford, IN",18025,IN,Indiana,18,2015,10483,53.6,22-23.9,22.95,2.0,-8.699999999999996
28602,"Crawford, IN",18025,IN,Indiana,18,2016,10539,51.8,24-25.9,24.95,2.0,-1.8000000000000043
706,"Daviess, IN",18027,IN,Indiana,18,2006,30469,118.7,6-7.9,6.95,,
3455,"Daviess, IN",18027,IN,Indiana,18,2007,30702,123.1,6-7.9,6.95,0.0,4.3999999999999915
6198,"Daviess, IN",18027,IN,Indiana,18,2008,30947,117.5,8-9.9,8.95,1.9999999999999991,-5.599999999999994
8952,"Daviess, IN",18027,IN,Indiana,18,2009,31389,111.9,8-9.9,8.95,0.0,-5.599999999999994
11694,"Daviess, IN",18027,IN,Indiana,18,2010,31744,108.1,8-9.9,8.95,0.0,-3.8000000000000114
14432,"Daviess, IN",18027,IN,Indiana,18,2011,31951,106.9,10-11.9,10.95,2.0,-1.1999999999999886
17174,"Daviess, IN",18027,IN,Indiana,18,2012,32150,120.5,10-11.9,10.95,0.0,13.599999999999994
19911,"Daviess, IN",18027,IN,Indiana,18,2013,32303,113.1,10-11.9,10.95,0.0,-7.400000000000006
22694,"Daviess, IN",18027,IN,Indiana,18,2014,32745,101.5,12-13.9,12.95,2.0,-11.599999999999994
25647,"Daviess, IN",18027,IN,Indiana,18,2015,32906,88.2,12-13.9,12.95,0.0,-13.299999999999997
28603,"Daviess, IN",18027,IN,Indiana,18,2016,32969,80.8,14-15.9,14.95,2.0,-7.400000000000006
707,"Dearborn, IN",18029,IN,Indiana,18,2006,48879,114.6,10-11.9,10.95,,
3456,"Dearborn, IN",18029,IN,Indiana,18,2007,49348,125.3,10-11.9,10.95,0.0,10.700000000000003
6199,"Dearborn, IN",18029,IN,Indiana,18,2008,49643,127.7,12-13.9,12.95,2.0,2.4000000000000057
8953,"Dearborn, IN",18029,IN,Indiana,18,2009,49931,124.1,12-13.9,12.95,0.0,-3.6000000000000085
11695,"Dearborn, IN",18029,IN,Indiana,18,2010,50099,126.7,14-15.9,14.95,2.0,2.6000000000000085
14433,"Dearborn, IN",18029,IN,Indiana,18,2011,50009,123.8,14-15.9,14.95,0.0,-2.9000000000000057
17175,"Dearborn, IN",18029,IN,Indiana,18,2012,49754,108.3,16-17.9,16.95,2.0,-15.5
19912,"Dearborn, IN",18029,IN,Indiana,18,2013,49755,104.7,16-17.9,16.95,0.0,-3.5999999999999943
22695,"Dearborn, IN",18029,IN,Indiana,18,2014,49423,101.2,18-19.9,18.95,2.0,-3.5
25648,"Dearborn, IN",18029,IN,Indiana,18,2015,49455,93.4,18-19.9,18.95,0.0,-7.799999999999997
28604,"Dearborn, IN",18029,IN,Indiana,18,2016,49331,88.8,20-21.9,20.95,2.0,-4.6000000000000085
708,"Decatur, IN",18031,IN,Indiana,18,2006,25469,100.3,8-9.9,8.95,,
3457,"Decatur, IN",18031,IN,Indiana,18,2007,25486,109.3,10-11.9,10.95,2.0,9.0
6200,"Decatur, IN",18031,IN,Indiana,18,2008,25600,99.6,10-11.9,10.95,0.0,-9.700000000000003
8954,"Decatur, IN",18031,IN,Indiana,18,2009,25595,100.3,10-11.9,10.95,0.0,0.7000000000000028
11696,"Decatur, IN",18031,IN,Indiana,18,2010,25791,100.7,12-13.9,12.95,2.0,0.4000000000000057
14434,"Decatur, IN",18031,IN,Indiana,18,2011,25886,96.2,12-13.9,12.95,0.0,-4.5
17176,"Decatur, IN",18031,IN,Indiana,18,2012,26058,114.5,14-15.9,14.95,2.0,18.299999999999997
19913,"Decatur, IN",18031,IN,Indiana,18,2013,26224,109.6,14-15.9,14.95,0.0,-4.900000000000006
22696,"Decatur, IN",18031,IN,Indiana,18,2014,26511,96.6,16-17.9,16.95,2.0,-13.0
25649,"Decatur, IN",18031,IN,Indiana,18,2015,26521,86.6,16-17.9,16.95,0.0,-10.0
28605,"Decatur, IN",18031,IN,Indiana,18,2016,26598,72.9,18-19.9,18.95,2.0,-13.699999999999989
709,"DeKalb, IN",18033,IN,Indiana,18,2006,41594,73.0,6-7.9,6.95,,
3458,"DeKalb, IN",18033,IN,Indiana,18,2007,41876,79.5,6-7.9,6.95,0.0,6.5
6201,"DeKalb, IN",18033,IN,Indiana,18,2008,42033,73.4,8-9.9,8.95,1.9999999999999991,-6.099999999999994
8955,"DeKalb, IN",18033,IN,Indiana,18,2009,42053,71.0,8-9.9,8.95,0.0,-2.4000000000000057
11697,"DeKalb, IN",18033,IN,Indiana,18,2010,42293,69.4,8-9.9,8.95,0.0,-1.5999999999999943
14435,"DeKalb, IN",18033,IN,Indiana,18,2011,42457,67.7,10-11.9,10.95,2.0,-1.7000000000000028
17177,"DeKalb, IN",18033,IN,Indiana,18,2012,42303,86.9,10-11.9,10.95,0.0,19.200000000000003
19914,"DeKalb, IN",18033,IN,Indiana,18,2013,42387,85.3,10-11.9,10.95,0.0,-1.6000000000000085
22697,"DeKalb, IN",18033,IN,Indiana,18,2014,42508,81.0,12-13.9,12.95,2.0,-4.299999999999997
25650,"DeKalb, IN",18033,IN,Indiana,18,2015,42589,78.3,12-13.9,12.95,0.0,-2.700000000000003
28606,"DeKalb, IN",18033,IN,Indiana,18,2016,42746,69.1,14-15.9,14.95,2.0,-9.200000000000003
710,"Delaware, IN",18035,IN,Indiana,18,2006,117326,126.8,12-13.9,12.95,,
3459,"Delaware, IN",18035,IN,Indiana,18,2007,117229,136.2,12-13.9,12.95,0.0,9.399999999999991
6202,"Delaware, IN",18035,IN,Indiana,18,2008,117007,132.6,14-15.9,14.95,2.0,-3.5999999999999943
8956,"Delaware, IN",18035,IN,Indiana,18,2009,117490,139.1,14-15.9,14.95,0.0,6.5
11698,"Delaware, IN",18035,IN,Indiana,18,2010,117692,144.5,14-15.9,14.95,0.0,5.400000000000006
14436,"Delaware, IN",18035,IN,Indiana,18,2011,117824,142.1,16-17.9,16.95,2.0,-2.4000000000000057
17178,"Delaware, IN",18035,IN,Indiana,18,2012,117364,145.5,18-19.9,18.95,2.0,3.4000000000000057
19915,"Delaware, IN",18035,IN,Indiana,18,2013,117435,145.8,18-19.9,18.95,0.0,0.30000000000001137
22698,"Delaware, IN",18035,IN,Indiana,18,2014,117201,129.0,20-21.9,20.95,2.0,-16.80000000000001
25651,"Delaware, IN",18035,IN,Indiana,18,2015,116852,103.3,20-21.9,20.95,0.0,-25.700000000000003
28607,"Delaware, IN",18035,IN,Indiana,18,2016,115603,99.4,22-23.9,22.95,2.0,-3.8999999999999915
711,"Dubois, IN",18037,IN,Indiana,18,2006,41589,110.7,4-5.9,4.95,,
3460,"Dubois, IN",18037,IN,Indiana,18,2007,41728,126.3,4-5.9,4.95,0.0,15.599999999999994
6203,"Dubois, IN",18037,IN,Indiana,18,2008,41955,132.1,4-5.9,4.95,0.0,5.799999999999997
8957,"Dubois, IN",18037,IN,Indiana,18,2009,41897,135.1,6-7.9,6.95,2.0,3.0
11699,"Dubois, IN",18037,IN,Indiana,18,2010,41906,134.7,6-7.9,6.95,0.0,-0.4000000000000057
14437,"Dubois, IN",18037,IN,Indiana,18,2011,42197,133.8,6-7.9,6.95,0.0,-0.8999999999999773
17179,"Dubois, IN",18037,IN,Indiana,18,2012,42098,131.5,6-7.9,6.95,0.0,-2.3000000000000114
19916,"Dubois, IN",18037,IN,Indiana,18,2013,42335,127.5,8-9.9,8.95,1.9999999999999991,-4.0
22699,"Dubois, IN",18037,IN,Indiana,18,2014,42364,118.1,8-9.9,8.95,0.0,-9.400000000000006
25652,"Dubois, IN",18037,IN,Indiana,18,2015,42461,107.2,8-9.9,8.95,0.0,-10.899999999999991
28608,"Dubois, IN",18037,IN,Indiana,18,2016,42552,102.7,10-11.9,10.95,2.0,-4.5
712,"Elkhart, IN",18039,IN,Indiana,18,2006,195047,76.3,4-5.9,4.95,,
3461,"Elkhart, IN",18039,IN,Indiana,18,2007,196304,80.3,6-7.9,6.95,2.0,4.0
6204,"Elkhart, IN",18039,IN,Indiana,18,2008,197762,83.8,6-7.9,6.95,0.0,3.5
8958,"Elkhart, IN",18039,IN,Indiana,18,2009,197514,86.2,6-7.9,6.95,0.0,2.4000000000000057
11700,"Elkhart, IN",18039,IN,Indiana,18,2010,197471,88.7,6-7.9,6.95,0.0,2.5
14438,"Elkhart, IN",18039,IN,Indiana,18,2011,198509,88.9,6-7.9,6.95,0.0,0.20000000000000284
17180,"Elkhart, IN",18039,IN,Indiana,18,2012,199229,93.3,8-9.9,8.95,1.9999999999999991,4.3999999999999915
19917,"Elkhart, IN",18039,IN,Indiana,18,2013,200476,91.5,8-9.9,8.95,0.0,-1.7999999999999972
22700,"Elkhart, IN",18039,IN,Indiana,18,2014,201739,84.7,8-9.9,8.95,0.0,-6.799999999999997
25653,"Elkhart, IN",18039,IN,Indiana,18,2015,203474,78.1,8-9.9,8.95,0.0,-6.6000000000000085
28609,"Elkhart, IN",18039,IN,Indiana,18,2016,203781,73.0,10-11.9,10.95,2.0,-5.099999999999994
713,"Fayette, IN",18041,IN,Indiana,18,2006,24508,130.2,14-15.9,14.95,,
3462,"Fayette, IN",18041,IN,Indiana,18,2007,24413,134.3,16-17.9,16.95,2.0,4.100000000000023
6205,"Fayette, IN",18041,IN,Indiana,18,2008,24384,148.7,16-17.9,16.95,0.0,14.399999999999977
8959,"Fayette, IN",18041,IN,Indiana,18,2009,24247,158.5,18-19.9,18.95,2.0,9.800000000000011
11701,"Fayette, IN",18041,IN,Indiana,18,2010,24333,168.9,18-19.9,18.95,0.0,10.400000000000006
14439,"Fayette, IN",18041,IN,Indiana,18,2011,24157,170.9,20-21.9,20.95,2.0,2.0
17181,"Fayette, IN",18041,IN,Indiana,18,2012,23957,180.5,20-21.9,20.95,0.0,9.599999999999994
19918,"Fayette, IN",18041,IN,Indiana,18,2013,23853,172.4,22-23.9,22.95,2.0,-8.099999999999994
22701,"Fayette, IN",18041,IN,Indiana,18,2014,23466,160.0,24-25.9,24.95,2.0,-12.400000000000006
25654,"Fayette, IN",18041,IN,Indiana,18,2015,23434,140.8,24-25.9,24.95,0.0,-19.19999999999999
28610,"Fayette, IN",18041,IN,Indiana,18,2016,23331,115.6,26-27.9,26.95,2.0,-25.200000000000017
714,"Floyd, IN",18043,IN,Indiana,18,2006,72358,172.4,8-9.9,8.95,,
3463,"Floyd, IN",18043,IN,Indiana,18,2007,72876,177.9,10-11.9,10.95,2.0,5.5
6206,"Floyd, IN",18043,IN,Indiana,18,2008,73775,202.3,10-11.9,10.95,0.0,24.400000000000006
8960,"Floyd, IN",18043,IN,Indiana,18,2009,74284,212.8,10-11.9,10.95,0.0,10.5
11702,"Floyd, IN",18043,IN,Indiana,18,2010,74708,214.5,12-13.9,12.95,2.0,1.6999999999999886
14440,"Floyd, IN",18043,IN,Indiana,18,2011,75037,202.2,12-13.9,12.95,0.0,-12.300000000000011
17182,"Floyd, IN",18043,IN,Indiana,18,2012,75355,197.6,12-13.9,12.95,0.0,-4.599999999999994
19919,"Floyd, IN",18043,IN,Indiana,18,2013,76098,183.8,14-15.9,14.95,2.0,-13.799999999999983
22702,"Floyd, IN",18043,IN,Indiana,18,2014,76233,152.6,14-15.9,14.95,0.0,-31.200000000000017
25655,"Floyd, IN",18043,IN,Indiana,18,2015,76778,138.5,16-17.9,16.95,2.0,-14.099999999999994
28611,"Floyd, IN",18043,IN,Indiana,18,2016,76990,131.9,16-17.9,16.95,0.0,-6.599999999999994
715,"Fountain, IN",18045,IN,Indiana,18,2006,17459,109.8,6-7.9,6.95,,
3464,"Fountain, IN",18045,IN,Indiana,18,2007,17396,126.0,6-7.9,6.95,0.0,16.200000000000003
6207,"Fountain, IN",18045,IN,Indiana,18,2008,17356,138.9,6-7.9,6.95,0.0,12.900000000000006
8961,"Fountain, IN",18045,IN,Indiana,18,2009,17183,136.5,6-7.9,6.95,0.0,-2.4000000000000057
11703,"Fountain, IN",18045,IN,Indiana,18,2010,17271,133.9,8-9.9,8.95,1.9999999999999991,-2.5999999999999943
14441,"Fountain, IN",18045,IN,Indiana,18,2011,17139,133.4,8-9.9,8.95,0.0,-0.5
17183,"Fountain, IN",18045,IN,Indiana,18,2012,17108,144.0,10-11.9,10.95,2.0,10.599999999999994
19920,"Fountain, IN",18045,IN,Indiana,18,2013,16878,134.0,10-11.9,10.95,0.0,-10.0
22703,"Fountain, IN",18045,IN,Indiana,18,2014,16723,121.8,10-11.9,10.95,0.0,-12.200000000000003
25656,"Fountain, IN",18045,IN,Indiana,18,2015,16591,112.3,12-13.9,12.95,2.0,-9.5
28612,"Fountain, IN",18045,IN,Indiana,18,2016,16486,117.0,12-13.9,12.95,0.0,4.700000000000003
716,"Franklin, IN",18047,IN,Indiana,18,2006,23122,41.9,10-11.9,10.95,,
3465,"Franklin, IN",18047,IN,Indiana,18,2007,23276,44.9,10-11.9,10.95,0.0,3.0
6208,"Franklin, IN",18047,IN,Indiana,18,2008,23330,48.1,12-13.9,12.95,2.0,3.200000000000003
8962,"Franklin, IN",18047,IN,Indiana,18,2009,23195,58.3,12-13.9,12.95,0.0,10.199999999999996
11704,"Franklin, IN",18047,IN,Indiana,18,2010,23062,65.1,14-15.9,14.95,2.0,6.799999999999997
14442,"Franklin, IN",18047,IN,Indiana,18,2011,23000,67.0,16-17.9,16.95,2.0,1.9000000000000057
17184,"Franklin, IN",18047,IN,Indiana,18,2012,22984,67.3,16-17.9,16.95,0.0,0.29999999999999716
19921,"Franklin, IN",18047,IN,Indiana,18,2013,22920,64.0,18-19.9,18.95,2.0,-3.299999999999997
22704,"Franklin, IN",18047,IN,Indiana,18,2014,22898,57.8,18-19.9,18.95,0.0,-6.200000000000003
25657,"Franklin, IN",18047,IN,Indiana,18,2015,22872,55.1,20-21.9,20.95,2.0,-2.6999999999999957
28613,"Franklin, IN",18047,IN,Indiana,18,2016,22715,50.3,22-23.9,22.95,2.0,-4.800000000000004
717,"Fulton, IN",18049,IN,Indiana,18,2006,20563,103.8,6-7.9,6.95,,
3466,"Fulton, IN",18049,IN,Indiana,18,2007,20571,105.5,8-9.9,8.95,1.9999999999999991,1.7000000000000028
6209,"Fulton, IN",18049,IN,Indiana,18,2008,20670,110.9,8-9.9,8.95,0.0,5.400000000000006
8963,"Fulton, IN",18049,IN,Indiana,18,2009,20772,113.8,8-9.9,8.95,0.0,2.8999999999999915
11705,"Fulton, IN",18049,IN,Indiana,18,2010,20818,118.3,10-11.9,10.95,2.0,4.5
14443,"Fulton, IN",18049,IN,Indiana,18,2011,20750,114.4,10-11.9,10.95,0.0,-3.8999999999999915
17185,"Fulton, IN",18049,IN,Indiana,18,2012,20653,118.7,10-11.9,10.95,0.0,4.299999999999997
19922,"Fulton, IN",18049,IN,Indiana,18,2013,20435,112.5,12-13.9,12.95,2.0,-6.200000000000003
22705,"Fulton, IN",18049,IN,Indiana,18,2014,20483,98.8,12-13.9,12.95,0.0,-13.700000000000003
25658,"Fulton, IN",18049,IN,Indiana,18,2015,20315,94.4,14-15.9,14.95,2.0,-4.3999999999999915
28614,"Fulton, IN",18049,IN,Indiana,18,2016,20139,94.4,14-15.9,14.95,0.0,0.0
718,"Gibson, IN",18051,IN,Indiana,18,2006,33429,77.9,6-7.9,6.95,,
3467,"Gibson, IN",18051,IN,Indiana,18,2007,33290,83.4,6-7.9,6.95,0.0,5.5
6210,"Gibson, IN",18051,IN,Indiana,18,2008,33331,85.1,6-7.9,6.95,0.0,1.6999999999999886
8964,"Gibson, IN",18051,IN,Indiana,18,2009,33345,98.2,6-7.9,6.95,0.0,13.100000000000009
11706,"Gibson, IN",18051,IN,Indiana,18,2010,33554,104.7,8-9.9,8.95,1.9999999999999991,6.5
14444,"Gibson, IN",18051,IN,Indiana,18,2011,33567,92.8,8-9.9,8.95,0.0,-11.900000000000006
17186,"Gibson, IN",18051,IN,Indiana,18,2012,33577,105.8,8-9.9,8.95,0.0,13.0
19923,"Gibson, IN",18051,IN,Indiana,18,2013,33576,116.2,8-9.9,8.95,0.0,10.400000000000006
22706,"Gibson, IN",18051,IN,Indiana,18,2014,33845,114.5,10-11.9,10.95,2.0,-1.7000000000000028
25659,"Gibson, IN",18051,IN,Indiana,18,2015,33775,100.4,10-11.9,10.95,0.0,-14.099999999999994
28615,"Gibson, IN",18051,IN,Indiana,18,2016,33703,92.8,12-13.9,12.95,2.0,-7.6000000000000085
719,"Grant, IN",18053,IN,Indiana,18,2006,70448,119.4,12-13.9,12.95,,
3468,"Grant, IN",18053,IN,Indiana,18,2007,70012,127.4,12-13.9,12.95,0.0,8.0
6211,"Grant, IN",18053,IN,Indiana,18,2008,70250,129.6,14-15.9,14.95,2.0,2.1999999999999886
8965,"Grant, IN",18053,IN,Indiana,18,2009,70195,133.2,14-15.9,14.95,0.0,3.5999999999999943
11707,"Grant, IN",18053,IN,Indiana,18,2010,69935,130.7,16-17.9,16.95,2.0,-2.5
14445,"Grant, IN",18053,IN,Indiana,18,2011,69609,129.4,16-17.9,16.95,0.0,-1.299999999999983
17187,"Grant, IN",18053,IN,Indiana,18,2012,69228,147.4,18-19.9,18.95,2.0,18.0
19924,"Grant, IN",18053,IN,Indiana,18,2013,69031,146.5,18-19.9,18.95,0.0,-0.9000000000000057
22707,"Grant, IN",18053,IN,Indiana,18,2014,68631,124.9,20-21.9,20.95,2.0,-21.599999999999994
25660,"Grant, IN",18053,IN,Indiana,18,2015,67979,112.1,20-21.9,20.95,0.0,-12.800000000000011
28616,"Grant, IN",18053,IN,Indiana,18,2016,66937,104.2,22-23.9,22.95,2.0,-7.8999999999999915
720,"Greene, IN",18055,IN,Indiana,18,2006,33223,93.4,8-9.9,8.95,,
3469,"Greene, IN",18055,IN,Indiana,18,2007,33020,95.7,10-11.9,10.95,2.0,2.299999999999997
6212,"Greene, IN",18055,IN,Indiana,18,2008,32977,103.1,10-11.9,10.95,0.0,7.3999999999999915
8966,"Greene, IN",18055,IN,Indiana,18,2009,32995,106.0,10-11.9,10.95,0.0,2.9000000000000057
11708,"Greene, IN",18055,IN,Indiana,18,2010,33166,109.4,12-13.9,12.95,2.0,3.4000000000000057
14446,"Greene, IN",18055,IN,Indiana,18,2011,33090,103.2,12-13.9,12.95,0.0,-6.200000000000003
17188,"Greene, IN",18055,IN,Indiana,18,2012,33012,106.7,14-15.9,14.95,2.0,3.5
19925,"Greene, IN",18055,IN,Indiana,18,2013,32798,108.3,14-15.9,14.95,0.0,1.5999999999999943
22708,"Greene, IN",18055,IN,Indiana,18,2014,32733,98.9,16-17.9,16.95,2.0,-9.399999999999991
25661,"Greene, IN",18055,IN,Indiana,18,2015,32441,97.3,16-17.9,16.95,0.0,-1.6000000000000085
28617,"Greene, IN",18055,IN,Indiana,18,2016,32211,94.0,18-19.9,18.95,2.0,-3.299999999999997
721,"Hamilton, IN",18057,IN,Indiana,18,2006,244738,65.4,4-5.9,4.95,,
3470,"Hamilton, IN",18057,IN,Indiana,18,2007,253725,68.9,4-5.9,4.95,0.0,3.5
6213,"Hamilton, IN",18057,IN,Indiana,18,2008,261974,68.5,4-5.9,4.95,0.0,-0.4000000000000057
8967,"Hamilton, IN",18057,IN,Indiana,18,2009,269394,69.4,4-5.9,4.95,0.0,0.9000000000000057
11709,"Hamilton, IN",18057,IN,Indiana,18,2010,276501,69.1,6-7.9,6.95,2.0,-0.30000000000001137
14447,"Hamilton, IN",18057,IN,Indiana,18,2011,283340,67.6,6-7.9,6.95,0.0,-1.5
17189,"Hamilton, IN",18057,IN,Indiana,18,2012,289761,65.0,6-7.9,6.95,0.0,-2.5999999999999943
19926,"Hamilton, IN",18057,IN,Indiana,18,2013,297097,60.5,6-7.9,6.95,0.0,-4.5
22709,"Hamilton, IN",18057,IN,Indiana,18,2014,303278,55.7,6-7.9,6.95,0.0,-4.799999999999997
25662,"Hamilton, IN",18057,IN,Indiana,18,2015,309697,52.8,8-9.9,8.95,1.9999999999999991,-2.9000000000000057
28618,"Hamilton, IN",18057,IN,Indiana,18,2016,316373,50.6,8-9.9,8.95,0.0,-2.1999999999999957
722,"Hancock, IN",18059,IN,Indiana,18,2006,65402,88.3,8-9.9,8.95,,
3471,"Hancock, IN",18059,IN,Indiana,18,2007,67115,91.1,8-9.9,8.95,0.0,2.799999999999997
6214,"Hancock, IN",18059,IN,Indiana,18,2008,68107,99.0,10-11.9,10.95,2.0,7.900000000000006
8968,"Hancock, IN",18059,IN,Indiana,18,2009,69183,96.6,10-11.9,10.95,0.0,-2.4000000000000057
11710,"Hancock, IN",18059,IN,Indiana,18,2010,70223,96.7,10-11.9,10.95,0.0,0.10000000000000853
14448,"Hancock, IN",18059,IN,Indiana,18,2011,70396,96.2,12-13.9,12.95,2.0,-0.5
17190,"Hancock, IN",18059,IN,Indiana,18,2012,70669,96.6,12-13.9,12.95,0.0,0.3999999999999915
19927,"Hancock, IN",18059,IN,Indiana,18,2013,71090,92.4,12-13.9,12.95,0.0,-4.199999999999989
22710,"Hancock, IN",18059,IN,Indiana,18,2014,71963,80.0,14-15.9,14.95,2.0,-12.400000000000006
25663,"Hancock, IN",18059,IN,Indiana,18,2015,72520,78.2,14-15.9,14.95,0.0,-1.7999999999999972
28619,"Hancock, IN",18059,IN,Indiana,18,2016,73717,76.8,16-17.9,16.95,2.0,-1.4000000000000057
723,"Harrison, IN",18061,IN,Indiana,18,2006,37766,77.7,6-7.9,6.95,,
3472,"Harrison, IN",18061,IN,Indiana,18,2007,38142,77.9,6-7.9,6.95,0.0,0.20000000000000284
6215,"Harrison, IN",18061,IN,Indiana,18,2008,38628,97.0,6-7.9,6.95,0.0,19.099999999999994
8969,"Harrison, IN",18061,IN,Indiana,18,2009,39148,101.0,6-7.9,6.95,0.0,4.0
11711,"Harrison, IN",18061,IN,Indiana,18,2010,39352,106.1,8-9.9,8.95,1.9999999999999991,5.099999999999994
14449,"Harrison, IN",18061,IN,Indiana,18,2011,39215,105.6,8-9.9,8.95,0.0,-0.5
17191,"Harrison, IN",18061,IN,Indiana,18,2012,39068,118.7,8-9.9,8.95,0.0,13.100000000000009
19928,"Harrison, IN",18061,IN,Indiana,18,2013,39051,112.6,10-11.9,10.95,2.0,-6.1000000000000085
22711,"Harrison, IN",18061,IN,Indiana,18,2014,39238,106.2,10-11.9,10.95,0.0,-6.3999999999999915
25664,"Harrison, IN",18061,IN,Indiana,18,2015,39578,93.3,10-11.9,10.95,0.0,-12.900000000000006
28620,"Harrison, IN",18061,IN,Indiana,18,2016,39826,91.7,12-13.9,12.95,2.0,-1.5999999999999943
724,"Hendricks, IN",18063,IN,Indiana,18,2006,132350,82.6,6-7.9,6.95,,
3473,"Hendricks, IN",18063,IN,Indiana,18,2007,137267,86.3,6-7.9,6.95,0.0,3.700000000000003
6216,"Hendricks, IN",18063,IN,Indiana,18,2008,140710,89.9,6-7.9,6.95,0.0,3.6000000000000085
8970,"Hendricks, IN",18063,IN,Indiana,18,2009,143944,89.0,6-7.9,6.95,0.0,-0.9000000000000057
11712,"Hendricks, IN",18063,IN,Indiana,18,2010,145863,88.2,6-7.9,6.95,0.0,-0.7999999999999972
14450,"Hendricks, IN",18063,IN,Indiana,18,2011,148607,87.3,8-9.9,8.95,1.9999999999999991,-0.9000000000000057
17192,"Hendricks, IN",18063,IN,Indiana,18,2012,150707,92.8,8-9.9,8.95,0.0,5.5
19929,"Hendricks, IN",18063,IN,Indiana,18,2013,153585,89.8,8-9.9,8.95,0.0,-3.0
22712,"Hendricks, IN",18063,IN,Indiana,18,2014,156083,82.7,8-9.9,8.95,0.0,-7.099999999999994
25665,"Hendricks, IN",18063,IN,Indiana,18,2015,158192,78.4,10-11.9,10.95,2.0,-4.299999999999997
28621,"Hendricks, IN",18063,IN,Indiana,18,2016,160610,73.0,10-11.9,10.95,0.0,-5.400000000000006
725,"Henry, IN",18065,IN,Indiana,18,2006,48375,115.4,14-15.9,14.95,,
3474,"Henry, IN",18065,IN,Indiana,18,2007,48030,123.6,16-17.9,16.95,2.0,8.199999999999989
6217,"Henry, IN",18065,IN,Indiana,18,2008,49420,121.6,18-19.9,18.95,2.0,-2.0
8971,"Henry, IN",18065,IN,Indiana,18,2009,49305,122.0,18-19.9,18.95,0.0,0.4000000000000057
11713,"Henry, IN",18065,IN,Indiana,18,2010,49488,122.0,20-21.9,20.95,2.0,0.0
14451,"Henry, IN",18065,IN,Indiana,18,2011,49360,118.4,20-21.9,20.95,0.0,-3.5999999999999943
17193,"Henry, IN",18065,IN,Indiana,18,2012,49262,120.9,22-23.9,22.95,2.0,2.5
19930,"Henry, IN",18065,IN,Indiana,18,2013,49051,114.7,24-25.9,24.95,2.0,-6.200000000000003
22713,"Henry, IN",18065,IN,Indiana,18,2014,49072,106.5,24-25.9,24.95,0.0,-8.200000000000003
25666,"Henry, IN",18065,IN,Indiana,18,2015,48985,105.1,26-27.9,26.95,2.0,-1.4000000000000057
28622,"Henry, IN",18065,IN,Indiana,18,2016,48521,97.4,28-29.9,28.95,2.0,-7.699999999999989
726,"Howard, IN",18067,IN,Indiana,18,2006,83943,161.6,14-15.9,14.95,,
3475,"Howard, IN",18067,IN,Indiana,18,2007,83743,165.4,14-15.9,14.95,0.0,3.8000000000000114
6218,"Howard, IN",18067,IN,Indiana,18,2008,83472,171.4,16-17.9,16.95,2.0,6.0
8972,"Howard, IN",18067,IN,Indiana,18,2009,82701,172.7,16-17.9,16.95,0.0,1.299999999999983
11714,"Howard, IN",18067,IN,Indiana,18,2010,82731,172.5,18-19.9,18.95,2.0,-0.19999999999998863
14452,"Howard, IN",18067,IN,Indiana,18,2011,82851,173.9,20-21.9,20.95,2.0,1.4000000000000057
17194,"Howard, IN",18067,IN,Indiana,18,2012,82900,174.0,20-21.9,20.95,0.0,0.09999999999999432
19931,"Howard, IN",18067,IN,Indiana,18,2013,82825,145.8,22-23.9,22.95,2.0,-28.19999999999999
22714,"Howard, IN",18067,IN,Indiana,18,2014,82693,137.3,24-25.9,24.95,2.0,-8.5
25667,"Howard, IN",18067,IN,Indiana,18,2015,82556,127.6,24-25.9,24.95,0.0,-9.700000000000017
28623,"Howard, IN",18067,IN,Indiana,18,2016,82568,122.7,26-27.9,26.95,2.0,-4.8999999999999915
727,"Huntington, IN",18069,IN,Indiana,18,2006,37601,74.6,8-9.9,8.95,,
3476,"Huntington, IN",18069,IN,Indiana,18,2007,37447,77.3,8-9.9,8.95,0.0,2.700000000000003
6219,"Huntington, IN",18069,IN,Indiana,18,2008,37244,81.2,8-9.9,8.95,0.0,3.9000000000000057
8973,"Huntington, IN",18069,IN,Indiana,18,2009,37205,87.9,10-11.9,10.95,2.0,6.700000000000003
11715,"Huntington, IN",18069,IN,Indiana,18,2010,37116,92.1,10-11.9,10.95,0.0,4.199999999999989
14453,"Huntington, IN",18069,IN,Indiana,18,2011,37187,96.5,12-13.9,12.95,2.0,4.400000000000006
17195,"Huntington, IN",18069,IN,Indiana,18,2012,36993,107.4,12-13.9,12.95,0.0,10.900000000000006
19932,"Huntington, IN",18069,IN,Indiana,18,2013,36818,102.9,12-13.9,12.95,0.0,-4.5
22715,"Huntington, IN",18069,IN,Indiana,18,2014,36686,97.5,14-15.9,14.95,2.0,-5.400000000000006
25668,"Huntington, IN",18069,IN,Indiana,18,2015,36630,85.8,14-15.9,14.95,0.0,-11.700000000000003
28624,"Huntington, IN",18069,IN,Indiana,18,2016,36400,78.7,16-17.9,16.95,2.0,-7.099999999999994
728,"Jackson, IN",18071,IN,Indiana,18,2006,41725,107.3,8-9.9,8.95,,
3477,"Jackson, IN",18071,IN,Indiana,18,2007,41693,117.9,8-9.9,8.95,0.0,10.600000000000009
6220,"Jackson, IN",18071,IN,Indiana,18,2008,41705,135.8,10-11.9,10.95,2.0,17.900000000000006
8974,"Jackson, IN",18071,IN,Indiana,18,2009,41798,137.2,10-11.9,10.95,0.0,1.3999999999999773
11716,"Jackson, IN",18071,IN,Indiana,18,2010,42578,133.7,12-13.9,12.95,2.0,-3.5
14454,"Jackson, IN",18071,IN,Indiana,18,2011,42935,140.4,12-13.9,12.95,0.0,6.700000000000017
17196,"Jackson, IN",18071,IN,Indiana,18,2012,43032,137.8,14-15.9,14.95,2.0,-2.5999999999999943
19933,"Jackson, IN",18071,IN,Indiana,18,2013,43514,127.6,14-15.9,14.95,0.0,-10.200000000000017
22716,"Jackson, IN",18071,IN,Indiana,18,2014,43803,109.7,16-17.9,16.95,2.0,-17.89999999999999
25669,"Jackson, IN",18071,IN,Indiana,18,2015,44069,100.6,16-17.9,16.95,0.0,-9.100000000000009
28625,"Jackson, IN",18071,IN,Indiana,18,2016,44013,90.1,18-19.9,18.95,2.0,-10.5
729,"Jasper, IN",18073,IN,Indiana,18,2006,32419,111.5,6-7.9,6.95,,
3478,"Jasper, IN",18073,IN,Indiana,18,2007,32894,115.2,8-9.9,8.95,1.9999999999999991,3.700000000000003
6221,"Jasper, IN",18073,IN,Indiana,18,2008,33155,120.8,8-9.9,8.95,0.0,5.599999999999994
8975,"Jasper, IN",18073,IN,Indiana,18,2009,33278,122.2,8-9.9,8.95,0.0,1.4000000000000057
11717,"Jasper, IN",18073,IN,Indiana,18,2010,33514,123.6,8-9.9,8.95,0.0,1.3999999999999915
14455,"Jasper, IN",18073,IN,Indiana,18,2011,33415,124.9,10-11.9,10.95,2.0,1.3000000000000114
17197,"Jasper, IN",18073,IN,Indiana,18,2012,33478,130.8,10-11.9,10.95,0.0,5.900000000000006
19934,"Jasper, IN",18073,IN,Indiana,18,2013,33412,132.1,10-11.9,10.95,0.0,1.299999999999983
22717,"Jasper, IN",18073,IN,Indiana,18,2014,33464,132.6,12-13.9,12.95,2.0,0.5
25670,"Jasper, IN",18073,IN,Indiana,18,2015,33470,125.1,12-13.9,12.95,0.0,-7.5
28626,"Jasper, IN",18073,IN,Indiana,18,2016,33433,122.5,14-15.9,14.95,2.0,-2.5999999999999943
730,"Jay, IN",18075,IN,Indiana,18,2006,21564,99.8,8-9.9,8.95,,
3479,"Jay, IN",18075,IN,Indiana,18,2007,21580,100.8,10-11.9,10.95,2.0,1.0
6222,"Jay, IN",18075,IN,Indiana,18,2008,21467,108.0,10-11.9,10.95,0.0,7.200000000000003
8976,"Jay, IN",18075,IN,Indiana,18,2009,21399,106.9,10-11.9,10.95,0.0,-1.0999999999999943
11718,"Jay, IN",18075,IN,Indiana,18,2010,21172,118.1,12-13.9,12.95,2.0,11.199999999999989
14456,"Jay, IN",18075,IN,Indiana,18,2011,21370,121.4,12-13.9,12.95,0.0,3.3000000000000114
17198,"Jay, IN",18075,IN,Indiana,18,2012,21363,139.3,14-15.9,14.95,2.0,17.900000000000006
19935,"Jay, IN",18075,IN,Indiana,18,2013,21274,130.2,14-15.9,14.95,0.0,-9.100000000000023
22718,"Jay, IN",18075,IN,Indiana,18,2014,21147,114.8,16-17.9,16.95,2.0,-15.399999999999991
25671,"Jay, IN",18075,IN,Indiana,18,2015,21121,104.3,16-17.9,16.95,0.0,-10.5
28627,"Jay, IN",18075,IN,Indiana,18,2016,21046,89.2,18-19.9,18.95,2.0,-15.099999999999994
731,"Jefferson, IN",18077,IN,Indiana,18,2006,32287,119.4,6-7.9,6.95,,
3480,"Jefferson, IN",18077,IN,Indiana,18,2007,32140,126.6,8-9.9,8.95,1.9999999999999991,7.199999999999989
6223,"Jefferson, IN",18077,IN,Indiana,18,2008,32586,140.1,8-9.9,8.95,0.0,13.5
8977,"Jefferson, IN",18077,IN,Indiana,18,2009,32558,151.3,8-9.9,8.95,0.0,11.200000000000017
11719,"Jefferson, IN",18077,IN,Indiana,18,2010,32423,151.6,8-9.9,8.95,0.0,0.29999999999998295
14457,"Jefferson, IN",18077,IN,Indiana,18,2011,32302,158.2,10-11.9,10.95,2.0,6.599999999999994
17199,"Jefferson, IN",18077,IN,Indiana,18,2012,32518,151.5,10-11.9,10.95,0.0,-6.699999999999989
19936,"Jefferson, IN",18077,IN,Indiana,18,2013,32501,141.1,10-11.9,10.95,0.0,-10.400000000000006
22719,"Jefferson, IN",18077,IN,Indiana,18,2014,32529,131.7,12-13.9,12.95,2.0,-9.400000000000006
25672,"Jefferson, IN",18077,IN,Indiana,18,2015,32416,123.4,12-13.9,12.95,0.0,-8.299999999999983
28628,"Jefferson, IN",18077,IN,Indiana,18,2016,32418,113.9,14-15.9,14.95,2.0,-9.5
732,"Jennings, IN",18079,IN,Indiana,18,2006,28320,115.7,10-11.9,10.95,,
3481,"Jennings, IN",18079,IN,Indiana,18,2007,28502,131.5,10-11.9,10.95,0.0,15.799999999999997
6224,"Jennings, IN",18079,IN,Indiana,18,2008,28480,137.7,10-11.9,10.95,0.0,6.199999999999989
8978,"Jennings, IN",18079,IN,Indiana,18,2009,28546,141.0,12-13.9,12.95,2.0,3.3000000000000114
11720,"Jennings, IN",18079,IN,Indiana,18,2010,28475,145.8,12-13.9,12.95,0.0,4.800000000000011
14458,"Jennings, IN",18079,IN,Indiana,18,2011,28204,143.0,14-15.9,14.95,2.0,-2.8000000000000114
17200,"Jennings, IN",18079,IN,Indiana,18,2012,28189,147.5,14-15.9,14.95,0.0,4.5
19937,"Jennings, IN",18079,IN,Indiana,18,2013,28281,137.1,16-17.9,16.95,2.0,-10.400000000000006
22720,"Jennings, IN",18079,IN,Indiana,18,2014,27996,122.9,16-17.9,16.95,0.0,-14.199999999999989
25673,"Jennings, IN",18079,IN,Indiana,18,2015,27897,107.7,18-19.9,18.95,2.0,-15.200000000000003
28629,"Jennings, IN",18079,IN,Indiana,18,2016,27758,98.2,18-19.9,18.95,0.0,-9.5
733,"Johnson, IN",18081,IN,Indiana,18,2006,130512,95.1,8-9.9,8.95,,
3482,"Johnson, IN",18081,IN,Indiana,18,2007,133933,97.9,8-9.9,8.95,0.0,2.8000000000000114
6225,"Johnson, IN",18081,IN,Indiana,18,2008,136933,99.7,8-9.9,8.95,0.0,1.7999999999999972
8979,"Johnson, IN",18081,IN,Indiana,18,2009,138584,103.9,10-11.9,10.95,2.0,4.200000000000003
11721,"Johnson, IN",18081,IN,Indiana,18,2010,140281,107.7,10-11.9,10.95,0.0,3.799999999999997
14459,"Johnson, IN",18081,IN,Indiana,18,2011,141766,107.5,10-11.9,10.95,0.0,-0.20000000000000284
17201,"Johnson, IN",18081,IN,Indiana,18,2012,143579,113.6,12-13.9,12.95,2.0,6.099999999999994
19938,"Johnson, IN",18081,IN,Indiana,18,2013,145759,109.0,12-13.9,12.95,0.0,-4.599999999999994
22721,"Johnson, IN",18081,IN,Indiana,18,2014,147489,99.8,12-13.9,12.95,0.0,-9.200000000000003
25674,"Johnson, IN",18081,IN,Indiana,18,2015,149633,91.5,14-15.9,14.95,2.0,-8.299999999999997
28630,"Johnson, IN",18081,IN,Indiana,18,2016,151982,84.1,14-15.9,14.95,0.0,-7.400000000000006
734,"Knox, IN",18083,IN,Indiana,18,2006,38399,123.2,8-9.9,8.95,,
3483,"Knox, IN",18083,IN,Indiana,18,2007,38325,133.4,8-9.9,8.95,0.0,10.200000000000003
6226,"Knox, IN",18083,IN,Indiana,18,2008,38497,142.3,8-9.9,8.95,0.0,8.900000000000006
8980,"Knox, IN",18083,IN,Indiana,18,2009,38499,138.1,10-11.9,10.95,2.0,-4.200000000000017
11722,"Knox, IN",18083,IN,Indiana,18,2010,38389,134.6,10-11.9,10.95,0.0,-3.5
14460,"Knox, IN",18083,IN,Indiana,18,2011,38467,135.0,10-11.9,10.95,0.0,0.4000000000000057
17202,"Knox, IN",18083,IN,Indiana,18,2012,38046,160.4,12-13.9,12.95,2.0,25.400000000000006
19939,"Knox, IN",18083,IN,Indiana,18,2013,38023,172.6,12-13.9,12.95,0.0,12.199999999999989
22722,"Knox, IN",18083,IN,Indiana,18,2014,37845,147.7,14-15.9,14.95,2.0,-24.900000000000006
25675,"Knox, IN",18083,IN,Indiana,18,2015,37927,132.4,14-15.9,14.95,0.0,-15.299999999999983
28631,"Knox, IN",18083,IN,Indiana,18,2016,37744,129.6,16-17.9,16.95,2.0,-2.8000000000000114
735,"Kosciusko, IN",18085,IN,Indiana,18,2006,76358,76.8,6-7.9,6.95,,
3484,"Kosciusko, IN",18085,IN,Indiana,18,2007,76832,76.9,6-7.9,6.95,0.0,0.10000000000000853
6227,"Kosciusko, IN",18085,IN,Indiana,18,2008,77091,83.1,6-7.9,6.95,0.0,6.199999999999989
8981,"Kosciusko, IN",18085,IN,Indiana,18,2009,77263,84.8,6-7.9,6.95,0.0,1.7000000000000028
11723,"Kosciusko, IN",18085,IN,Indiana,18,2010,77340,87.9,8-9.9,8.95,1.9999999999999991,3.1000000000000085
14461,"Kosciusko, IN",18085,IN,Indiana,18,2011,77363,87.4,8-9.9,8.95,0.0,-0.5
17203,"Kosciusko, IN",18085,IN,Indiana,18,2012,77610,91.2,8-9.9,8.95,0.0,3.799999999999997
19940,"Kosciusko, IN",18085,IN,Indiana,18,2013,77876,87.7,8-9.9,8.95,0.0,-3.5
22723,"Kosciusko, IN",18085,IN,Indiana,18,2014,78445,83.9,10-11.9,10.95,2.0,-3.799999999999997
25676,"Kosciusko, IN",18085,IN,Indiana,18,2015,78620,80.0,10-11.9,10.95,0.0,-3.9000000000000057
28632,"Kosciusko, IN",18085,IN,Indiana,18,2016,79092,74.1,10-11.9,10.95,0.0,-5.900000000000006
736,"LaGrange, IN",18087,IN,Indiana,18,2006,36613,16.7,2-3.9,2.95,,
3485,"LaGrange, IN",18087,IN,Indiana,18,2007,36931,17.0,2-3.9,2.95,0.0,0.3000000000000007
6228,"LaGrange, IN",18087,IN,Indiana,18,2008,37181,19.7,2-3.9,2.95,0.0,2.6999999999999993
8982,"LaGrange, IN",18087,IN,Indiana,18,2009,37119,22.8,2-3.9,2.95,0.0,3.1000000000000014
11724,"LaGrange, IN",18087,IN,Indiana,18,2010,37156,26.7,2-3.9,2.95,0.0,3.8999999999999986
14462,"LaGrange, IN",18087,IN,Indiana,18,2011,37480,27.0,2-3.9,2.95,0.0,0.3000000000000007
17204,"LaGrange, IN",18087,IN,Indiana,18,2012,37618,28.7,4-5.9,4.95,2.0,1.6999999999999993
19941,"LaGrange, IN",18087,IN,Indiana,18,2013,38049,29.2,4-5.9,4.95,0.0,0.5
22724,"LaGrange, IN",18087,IN,Indiana,18,2014,38462,26.9,4-5.9,4.95,0.0,-2.3000000000000007
25677,"LaGrange, IN",18087,IN,Indiana,18,2015,38809,24.5,4-5.9,4.95,0.0,-2.3999999999999986
28633,"LaGrange, IN",18087,IN,Indiana,18,2016,39110,23.1,6-7.9,6.95,2.0,-1.3999999999999986
737,"Lake, IN",18089,IN,Indiana,18,2006,491432,81.6,4-5.9,4.95,,
3486,"Lake, IN",18089,IN,Indiana,18,2007,493403,86.7,4-5.9,4.95,0.0,5.1000000000000085
6229,"Lake, IN",18089,IN,Indiana,18,2008,495479,88.8,4-5.9,4.95,0.0,2.0999999999999943
8983,"Lake, IN",18089,IN,Indiana,18,2009,495789,91.4,4-5.9,4.95,0.0,2.6000000000000085
11725,"Lake, IN",18089,IN,Indiana,18,2010,495987,92.6,6-7.9,6.95,2.0,1.1999999999999886
14463,"Lake, IN",18089,IN,Indiana,18,2011,494788,92.6,6-7.9,6.95,0.0,0.0
17205,"Lake, IN",18089,IN,Indiana,18,2012,493192,95.6,6-7.9,6.95,0.0,3.0
19942,"Lake, IN",18089,IN,Indiana,18,2013,491560,95.6,6-7.9,6.95,0.0,0.0
22725,"Lake, IN",18089,IN,Indiana,18,2014,490574,89.2,6-7.9,6.95,0.0,-6.3999999999999915
25678,"Lake, IN",18089,IN,Indiana,18,2015,487865,82.2,8-9.9,8.95,1.9999999999999991,-7.0
28634,"Lake, IN",18089,IN,Indiana,18,2016,485846,82.8,8-9.9,8.95,0.0,0.5999999999999943
738,"LaPorte, IN",18091,IN,Indiana,18,2006,109641,97.8,6-7.9,6.95,,
3487,"LaPorte, IN",18091,IN,Indiana,18,2007,110846,102.3,8-9.9,8.95,1.9999999999999991,4.5
6230,"LaPorte, IN",18091,IN,Indiana,18,2008,111267,104.9,8-9.9,8.95,0.0,2.6000000000000085
8984,"LaPorte, IN",18091,IN,Indiana,18,2009,111465,107.6,8-9.9,8.95,0.0,2.6999999999999886
11726,"LaPorte, IN",18091,IN,Indiana,18,2010,111454,114.8,10-11.9,10.95,2.0,7.200000000000003
14464,"LaPorte, IN",18091,IN,Indiana,18,2011,111223,117.7,10-11.9,10.95,0.0,2.9000000000000057
17206,"LaPorte, IN",18091,IN,Indiana,18,2012,111223,127.7,10-11.9,10.95,0.0,10.0
19943,"LaPorte, IN",18091,IN,Indiana,18,2013,111376,127.4,12-13.9,12.95,2.0,-0.29999999999999716
22726,"LaPorte, IN",18091,IN,Indiana,18,2014,111695,119.1,12-13.9,12.95,0.0,-8.300000000000011
25679,"LaPorte, IN",18091,IN,Indiana,18,2015,110884,110.0,12-13.9,12.95,0.0,-9.099999999999994
28635,"LaPorte, IN",18091,IN,Indiana,18,2016,110015,105.9,14-15.9,14.95,2.0,-4.099999999999994
739,"Lawrence, IN",18093,IN,Indiana,18,2006,46165,140.3,8-9.9,8.95,,
3488,"Lawrence, IN",18093,IN,Indiana,18,2007,46300,144.7,8-9.9,8.95,0.0,4.399999999999977
6231,"Lawrence, IN",18093,IN,Indiana,18,2008,46233,148.0,8-9.9,8.95,0.0,3.3000000000000114
8985,"Lawrence, IN",18093,IN,Indiana,18,2009,46138,148.6,10-11.9,10.95,2.0,0.5999999999999943
11727,"Lawrence, IN",18093,IN,Indiana,18,2010,46124,156.6,10-11.9,10.95,0.0,8.0
14465,"Lawrence, IN",18093,IN,Indiana,18,2011,46079,157.5,10-11.9,10.95,0.0,0.9000000000000057
17207,"Lawrence, IN",18093,IN,Indiana,18,2012,46036,165.4,12-13.9,12.95,2.0,7.900000000000006
19944,"Lawrence, IN",18093,IN,Indiana,18,2013,45845,166.8,12-13.9,12.95,0.0,1.4000000000000057
22727,"Lawrence, IN",18093,IN,Indiana,18,2014,45615,152.1,12-13.9,12.95,0.0,-14.700000000000017
25680,"Lawrence, IN",18093,IN,Indiana,18,2015,45495,141.1,14-15.9,14.95,2.0,-11.0
28636,"Lawrence, IN",18093,IN,Indiana,18,2016,45518,132.8,14-15.9,14.95,0.0,-8.299999999999983
740,"Madison, IN",18095,IN,Indiana,18,2006,131240,147.6,16-17.9,16.95,,
3489,"Madison, IN",18095,IN,Indiana,18,2007,131203,150.2,16-17.9,16.95,0.0,2.5999999999999943
6232,"Madison, IN",18095,IN,Indiana,18,2008,131537,149.3,18-19.9,18.95,2.0,-0.8999999999999773
8986,"Madison, IN",18095,IN,Indiana,18,2009,131599,155.1,20-21.9,20.95,2.0,5.799999999999983
11728,"Madison, IN",18095,IN,Indiana,18,2010,131637,154.1,20-21.9,20.95,0.0,-1.0
14466,"Madison, IN",18095,IN,Indiana,18,2011,131018,153.1,22-23.9,22.95,2.0,-1.0
17208,"Madison, IN",18095,IN,Indiana,18,2012,130259,153.4,24-25.9,24.95,2.0,0.30000000000001137
19945,"Madison, IN",18095,IN,Indiana,18,2013,130401,144.8,24-25.9,24.95,0.0,-8.599999999999994
22728,"Madison, IN",18095,IN,Indiana,18,2014,129999,126.0,26-27.9,26.95,2.0,-18.80000000000001
25681,"Madison, IN",18095,IN,Indiana,18,2015,129723,116.5,28-29.9,28.95,2.0,-9.5
28637,"Madison, IN",18095,IN,Indiana,18,2016,129296,110.1,30+,30.0,1.0500000000000007,-6.400000000000006
741,"Marion, IN",18097,IN,Indiana,18,2006,878515,91.4,10-11.9,10.95,,
3490,"Marion, IN",18097,IN,Indiana,18,2007,883591,96.3,10-11.9,10.95,0.0,4.8999999999999915
6233,"Marion, IN",18097,IN,Indiana,18,2008,889504,99.3,12-13.9,12.95,2.0,3.0
8987,"Marion, IN",18097,IN,Indiana,18,2009,898394,102.8,12-13.9,12.95,0.0,3.5
11729,"Marion, IN",18097,IN,Indiana,18,2010,904668,102.7,14-15.9,14.95,2.0,-0.09999999999999432
14467,"Marion, IN",18097,IN,Indiana,18,2011,910861,100.3,14-15.9,14.95,0.0,-2.4000000000000057
17209,"Marion, IN",18097,IN,Indiana,18,2012,918748,101.4,14-15.9,14.95,0.0,1.1000000000000085
19946,"Marion, IN",18097,IN,Indiana,18,2013,928515,95.7,16-17.9,16.95,2.0,-5.700000000000003
22729,"Marion, IN",18097,IN,Indiana,18,2014,934531,84.7,16-17.9,16.95,0.0,-11.0
25682,"Marion, IN",18097,IN,Indiana,18,2015,939020,77.7,18-19.9,18.95,2.0,-7.0
28638,"Marion, IN",18097,IN,Indiana,18,2016,941229,72.4,20-21.9,20.95,2.0,-5.299999999999997
742,"Marshall, IN",18099,IN,Indiana,18,2006,46851,72.3,6-7.9,6.95,,
3491,"Marshall, IN",18099,IN,Indiana,18,2007,46871,80.9,6-7.9,6.95,0.0,8.600000000000009
6234,"Marshall, IN",18099,IN,Indiana,18,2008,47012,84.9,6-7.9,6.95,0.0,4.0
8988,"Marshall, IN",18099,IN,Indiana,18,2009,47126,86.9,6-7.9,6.95,0.0,2.0
11730,"Marshall, IN",18099,IN,Indiana,18,2010,47009,88.7,6-7.9,6.95,0.0,1.7999999999999972
14468,"Marshall, IN",18099,IN,Indiana,18,2011,46960,88.7,8-9.9,8.95,1.9999999999999991,0.0
17210,"Marshall, IN",18099,IN,Indiana,18,2012,46992,99.5,8-9.9,8.95,0.0,10.799999999999997
19947,"Marshall, IN",18099,IN,Indiana,18,2013,46986,101.8,8-9.9,8.95,0.0,2.299999999999997
22730,"Marshall, IN",18099,IN,Indiana,18,2014,47013,98.4,10-11.9,10.95,2.0,-3.3999999999999915
25683,"Marshall, IN",18099,IN,Indiana,18,2015,46857,94.3,10-11.9,10.95,0.0,-4.1000000000000085
28639,"Marshall, IN",18099,IN,Indiana,18,2016,46556,89.2,10-11.9,10.95,0.0,-5.099999999999994
743,"Martin, IN",18101,IN,Indiana,18,2006,10344,99.7,4-5.9,4.95,,
3492,"Martin, IN",18101,IN,Indiana,18,2007,10334,111.3,4-5.9,4.95,0.0,11.599999999999994
6235,"Martin, IN",18101,IN,Indiana,18,2008,10304,105.2,4-5.9,4.95,0.0,-6.099999999999994
8989,"Martin, IN",18101,IN,Indiana,18,2009,10300,108.1,6-7.9,6.95,2.0,2.8999999999999915
11731,"Martin, IN",18101,IN,Indiana,18,2010,10368,112.6,6-7.9,6.95,0.0,4.5
14469,"Martin, IN",18101,IN,Indiana,18,2011,10332,113.2,6-7.9,6.95,0.0,0.6000000000000085
17211,"Martin, IN",18101,IN,Indiana,18,2012,10318,123.4,8-9.9,8.95,1.9999999999999991,10.200000000000003
19948,"Martin, IN",18101,IN,Indiana,18,2013,10223,129.6,8-9.9,8.95,0.0,6.199999999999989
22731,"Martin, IN",18101,IN,Indiana,18,2014,10209,125.1,10-11.9,10.95,2.0,-4.5
25684,"Martin, IN",18101,IN,Indiana,18,2015,10226,113.3,12-13.9,12.95,2.0,-11.799999999999997
28640,"Martin, IN",18101,IN,Indiana,18,2016,10171,108.8,12-13.9,12.95,0.0,-4.5
744,"Miami, IN",18103,IN,Indiana,18,2006,37745,60.5,6-7.9,6.95,,
3493,"Miami, IN",18103,IN,Indiana,18,2007,37580,61.4,6-7.9,6.95,0.0,0.8999999999999986
6236,"Miami, IN",18103,IN,Indiana,18,2008,37281,68.2,6-7.9,6.95,0.0,6.800000000000004
8990,"Miami, IN",18103,IN,Indiana,18,2009,37127,70.7,6-7.9,6.95,0.0,2.5
11732,"Miami, IN",18103,IN,Indiana,18,2010,36797,74.4,8-9.9,8.95,1.9999999999999991,3.700000000000003
14470,"Miami, IN",18103,IN,Indiana,18,2011,36587,75.7,8-9.9,8.95,0.0,1.2999999999999972
17212,"Miami, IN",18103,IN,Indiana,18,2012,36499,78.0,8-9.9,8.95,0.0,2.299999999999997
19949,"Miami, IN",18103,IN,Indiana,18,2013,36124,77.6,10-11.9,10.95,2.0,-0.4000000000000057
22732,"Miami, IN",18103,IN,Indiana,18,2014,35983,75.1,10-11.9,10.95,0.0,-2.5
25685,"Miami, IN",18103,IN,Indiana,18,2015,35862,72.0,10-11.9,10.95,0.0,-3.0999999999999943
28641,"Miami, IN",18103,IN,Indiana,18,2016,35883,67.3,12-13.9,12.95,2.0,-4.700000000000003
745,"Monroe, IN",18105,IN,Indiana,18,2006,130677,95.5,8-9.9,8.95,,
3494,"Monroe, IN",18105,IN,Indiana,18,2007,132514,101.2,10-11.9,10.95,2.0,5.700000000000003
6237,"Monroe, IN",18105,IN,Indiana,18,2008,134401,105.9,10-11.9,10.95,0.0,4.700000000000003
8991,"Monroe, IN",18105,IN,Indiana,18,2009,136198,101.4,10-11.9,10.95,0.0,-4.5
11733,"Monroe, IN",18105,IN,Indiana,18,2010,138557,97.6,12-13.9,12.95,2.0,-3.8000000000000114
14471,"Monroe, IN",18105,IN,Indiana,18,2011,140322,93.7,12-13.9,12.95,0.0,-3.8999999999999915
17213,"Monroe, IN",18105,IN,Indiana,18,2012,141324,93.4,12-13.9,12.95,0.0,-0.29999999999999716
19950,"Monroe, IN",18105,IN,Indiana,18,2013,142097,88.8,14-15.9,14.95,2.0,-4.6000000000000085
22733,"Monroe, IN",18105,IN,Indiana,18,2014,143571,80.7,14-15.9,14.95,0.0,-8.099999999999994
25686,"Monroe, IN",18105,IN,Indiana,18,2015,144705,76.0,16-17.9,16.95,2.0,-4.700000000000003
28642,"Monroe, IN",18105,IN,Indiana,18,2016,145496,71.5,16-17.9,16.95,0.0,-4.5
746,"Montgomery, IN",18107,IN,Indiana,18,2006,38040,111.7,10-11.9,10.95,,
3495,"Montgomery, IN",18107,IN,Indiana,18,2007,38172,118.9,10-11.9,10.95,0.0,7.200000000000003
6238,"Montgomery, IN",18107,IN,Indiana,18,2008,38204,124.9,10-11.9,10.95,0.0,6.0
8992,"Montgomery, IN",18107,IN,Indiana,18,2009,38180,123.1,12-13.9,12.95,2.0,-1.8000000000000114
11734,"Montgomery, IN",18107,IN,Indiana,18,2010,38087,118.9,12-13.9,12.95,0.0,-4.199999999999989
14472,"Montgomery, IN",18107,IN,Indiana,18,2011,38321,119.3,14-15.9,14.95,2.0,0.3999999999999915
17214,"Montgomery, IN",18107,IN,Indiana,18,2012,38168,121.4,14-15.9,14.95,0.0,2.1000000000000085
19951,"Montgomery, IN",18107,IN,Indiana,18,2013,38086,115.2,16-17.9,16.95,2.0,-6.200000000000003
22734,"Montgomery, IN",18107,IN,Indiana,18,2014,38060,105.5,16-17.9,16.95,0.0,-9.700000000000003
25687,"Montgomery, IN",18107,IN,Indiana,18,2015,38227,101.8,18-19.9,18.95,2.0,-3.700000000000003
28643,"Montgomery, IN",18107,IN,Indiana,18,2016,38074,98.6,18-19.9,18.95,0.0,-3.200000000000003
747,"Morgan, IN",18109,IN,Indiana,18,2006,68308,132.7,10-11.9,10.95,,
3496,"Morgan, IN",18109,IN,Indiana,18,2007,68354,138.3,10-11.9,10.95,0.0,5.600000000000023
6239,"Morgan, IN",18109,IN,Indiana,18,2008,68964,147.1,10-11.9,10.95,0.0,8.799999999999983
8993,"Morgan, IN",18109,IN,Indiana,18,2009,68583,165.7,12-13.9,12.95,2.0,18.599999999999994
11735,"Morgan, IN",18109,IN,Indiana,18,2010,69169,161.4,12-13.9,12.95,0.0,-4.299999999999983
14473,"Morgan, IN",18109,IN,Indiana,18,2011,69201,160.1,14-15.9,14.95,2.0,-1.3000000000000114
17215,"Morgan, IN",18109,IN,Indiana,18,2012,69195,159.1,14-15.9,14.95,0.0,-1.0
19952,"Morgan, IN",18109,IN,Indiana,18,2013,69381,149.4,16-17.9,16.95,2.0,-9.699999999999989
22735,"Morgan, IN",18109,IN,Indiana,18,2014,69590,133.7,16-17.9,16.95,0.0,-15.700000000000017
25688,"Morgan, IN",18109,IN,Indiana,18,2015,69648,121.2,18-19.9,18.95,2.0,-12.499999999999986
28644,"Morgan, IN",18109,IN,Indiana,18,2016,69698,110.9,18-19.9,18.95,0.0,-10.299999999999997
748,"Newton, IN",18111,IN,Indiana,18,2006,14326,38.4,6-7.9,6.95,,
3497,"Newton, IN",18111,IN,Indiana,18,2007,14374,40.2,6-7.9,6.95,0.0,1.8000000000000043
6240,"Newton, IN",18111,IN,Indiana,18,2008,14348,33.8,8-9.9,8.95,1.9999999999999991,-6.400000000000006
8994,"Newton, IN",18111,IN,Indiana,18,2009,14207,29.9,8-9.9,8.95,0.0,-3.8999999999999986
11736,"Newton, IN",18111,IN,Indiana,18,2010,14240,26.4,10-11.9,10.95,2.0,-3.5
14474,"Newton, IN",18111,IN,Indiana,18,2011,14115,29.1,10-11.9,10.95,0.0,2.700000000000003
17216,"Newton, IN",18111,IN,Indiana,18,2012,14062,31.5,12-13.9,12.95,2.0,2.3999999999999986
19953,"Newton, IN",18111,IN,Indiana,18,2013,14029,30.9,12-13.9,12.95,0.0,-0.6000000000000014
22736,"Newton, IN",18111,IN,Indiana,18,2014,14072,28.0,14-15.9,14.95,2.0,-2.8999999999999986
25689,"Newton, IN",18111,IN,Indiana,18,2015,14008,26.3,16-17.9,16.95,2.0,-1.6999999999999993
28645,"Newton, IN",18111,IN,Indiana,18,2016,13924,25.8,16-17.9,16.95,0.0,-0.5
749,"Noble, IN",18113,IN,Indiana,18,2006,47470,51.3,6-7.9,6.95,,
3498,"Noble, IN",18113,IN,Indiana,18,2007,47419,51.1,6-7.9,6.95,0.0,-0.19999999999999574
6241,"Noble, IN",18113,IN,Indiana,18,2008,47561,54.6,6-7.9,6.95,0.0,3.5
8995,"Noble, IN",18113,IN,Indiana,18,2009,47574,70.9,6-7.9,6.95,0.0,16.300000000000004
11737,"Noble, IN",18113,IN,Indiana,18,2010,47476,80.3,8-9.9,8.95,1.9999999999999991,9.399999999999991
14475,"Noble, IN",18113,IN,Indiana,18,2011,47466,82.4,8-9.9,8.95,0.0,2.1000000000000085
17217,"Noble, IN",18113,IN,Indiana,18,2012,47434,93.7,8-9.9,8.95,0.0,11.299999999999997
19954,"Noble, IN",18113,IN,Indiana,18,2013,47501,94.1,8-9.9,8.95,0.0,0.3999999999999915
22737,"Noble, IN",18113,IN,Indiana,18,2014,47595,89.2,10-11.9,10.95,2.0,-4.8999999999999915
25690,"Noble, IN",18113,IN,Indiana,18,2015,47733,80.8,10-11.9,10.95,0.0,-8.400000000000006
28646,"Noble, IN",18113,IN,Indiana,18,2016,47638,77.0,10-11.9,10.95,0.0,-3.799999999999997
750,"Ohio, IN",18115,IN,Indiana,18,2006,6022,69.6,8-9.9,8.95,,
3499,"Ohio, IN",18115,IN,Indiana,18,2007,5992,69.1,10-11.9,10.95,2.0,-0.5
6242,"Ohio, IN",18115,IN,Indiana,18,2008,6069,65.7,10-11.9,10.95,0.0,-3.3999999999999915
8996,"Ohio, IN",18115,IN,Indiana,18,2009,6134,35.0,12-13.9,12.95,2.0,-30.700000000000003
25691,"Ohio, IN",18115,IN,Indiana,18,2015,5938,1.8,24-25.9,24.95,12.0,-33.2
28647,"Ohio, IN",18115,IN,Indiana,18,2016,5932,4.1,26-27.9,26.95,2.0,2.3
751,"Orange, IN",18117,IN,Indiana,18,2006,19666,109.9,6-7.9,6.95,,
3500,"Orange, IN",18117,IN,Indiana,18,2007,19868,119.1,6-7.9,6.95,0.0,9.199999999999989
6243,"Orange, IN",18117,IN,Indiana,18,2008,19837,125.7,6-7.9,6.95,0.0,6.6000000000000085
8997,"Orange, IN",18117,IN,Indiana,18,2009,19931,122.3,6-7.9,6.95,0.0,-3.4000000000000057
11738,"Orange, IN",18117,IN,Indiana,18,2010,19802,125.6,8-9.9,8.95,1.9999999999999991,3.299999999999997
14476,"Orange, IN",18117,IN,Indiana,18,2011,19905,133.2,8-9.9,8.95,0.0,7.599999999999994
17218,"Orange, IN",18117,IN,Indiana,18,2012,19692,144.1,8-9.9,8.95,0.0,10.900000000000006
19955,"Orange, IN",18117,IN,Indiana,18,2013,19736,143.9,10-11.9,10.95,2.0,-0.19999999999998863
22738,"Orange, IN",18117,IN,Indiana,18,2014,19686,132.0,10-11.9,10.95,0.0,-11.900000000000006
25692,"Orange, IN",18117,IN,Indiana,18,2015,19605,116.8,12-13.9,12.95,2.0,-15.200000000000003
28648,"Orange, IN",18117,IN,Indiana,18,2016,19335,105.9,12-13.9,12.95,0.0,-10.899999999999991
752,"Owen, IN",18119,IN,Indiana,18,2006,21871,62.5,6-7.9,6.95,,
3501,"Owen, IN",18119,IN,Indiana,18,2007,21838,66.6,8-9.9,8.95,1.9999999999999991,4.099999999999994
6244,"Owen, IN",18119,IN,Indiana,18,2008,21763,69.4,8-9.9,8.95,0.0,2.8000000000000114
8998,"Owen, IN",18119,IN,Indiana,18,2009,21642,70.4,8-9.9,8.95,0.0,1.0
11739,"Owen, IN",18119,IN,Indiana,18,2010,21582,73.3,10-11.9,10.95,2.0,2.8999999999999915
14477,"Owen, IN",18119,IN,Indiana,18,2011,21516,85.4,10-11.9,10.95,0.0,12.100000000000009
17219,"Owen, IN",18119,IN,Indiana,18,2012,21363,86.9,12-13.9,12.95,2.0,1.5
19956,"Owen, IN",18119,IN,Indiana,18,2013,21175,87.4,12-13.9,12.95,0.0,0.5
22739,"Owen, IN",18119,IN,Indiana,18,2014,21034,80.8,12-13.9,12.95,0.0,-6.6000000000000085
25693,"Owen, IN",18119,IN,Indiana,18,2015,20872,79.3,14-15.9,14.95,2.0,-1.5
28649,"Owen, IN",18119,IN,Indiana,18,2016,20840,74.7,14-15.9,14.95,0.0,-4.599999999999994
753,"Parke, IN",18121,IN,Indiana,18,2006,17376,53.8,6-7.9,6.95,,
3502,"Parke, IN",18121,IN,Indiana,18,2007,17449,58.4,6-7.9,6.95,0.0,4.600000000000001
6245,"Parke, IN",18121,IN,Indiana,18,2008,17488,65.2,8-9.9,8.95,1.9999999999999991,6.800000000000004
8999,"Parke, IN",18121,IN,Indiana,18,2009,17326,60.6,8-9.9,8.95,0.0,-4.600000000000001
11740,"Parke, IN",18121,IN,Indiana,18,2010,17285,60.2,8-9.9,8.95,0.0,-0.3999999999999986
14478,"Parke, IN",18121,IN,Indiana,18,2011,17110,63.2,10-11.9,10.95,2.0,3.0
17220,"Parke, IN",18121,IN,Indiana,18,2012,17097,64.1,10-11.9,10.95,0.0,0.8999999999999915
19957,"Parke, IN",18121,IN,Indiana,18,2013,17199,58.5,10-11.9,10.95,0.0,-5.599999999999994
22740,"Parke, IN",18121,IN,Indiana,18,2014,17227,51.0,12-13.9,12.95,2.0,-7.5
25694,"Parke, IN",18121,IN,Indiana,18,2015,16901,47.5,12-13.9,12.95,0.0,-3.5
28650,"Parke, IN",18121,IN,Indiana,18,2016,16800,41.1,12-13.9,12.95,0.0,-6.399999999999999
754,"Perry, IN",18123,IN,Indiana,18,2006,19202,103.5,6-7.9,6.95,,
3503,"Perry, IN",18123,IN,Indiana,18,2007,19379,119.7,6-7.9,6.95,0.0,16.200000000000003
6246,"Perry, IN",18123,IN,Indiana,18,2008,19340,123.0,6-7.9,6.95,0.0,3.299999999999997
9000,"Perry, IN",18123,IN,Indiana,18,2009,19331,124.5,8-9.9,8.95,1.9999999999999991,1.5
11741,"Perry, IN",18123,IN,Indiana,18,2010,19417,119.3,8-9.9,8.95,0.0,-5.200000000000003
14479,"Perry, IN",18123,IN,Indiana,18,2011,19467,114.3,8-9.9,8.95,0.0,-5.0
17221,"Perry, IN",18123,IN,Indiana,18,2012,19419,117.3,10-11.9,10.95,2.0,3.0
19958,"Perry, IN",18123,IN,Indiana,18,2013,19449,120.1,10-11.9,10.95,0.0,2.799999999999997
22741,"Perry, IN",18123,IN,Indiana,18,2014,19387,118.8,12-13.9,12.95,2.0,-1.2999999999999972
25695,"Perry, IN",18123,IN,Indiana,18,2015,19347,108.3,12-13.9,12.95,0.0,-10.5
28651,"Perry, IN",18123,IN,Indiana,18,2016,18966,105.8,14-15.9,14.95,2.0,-2.5
755,"Pike, IN",18125,IN,Indiana,18,2006,13016,83.8,4-5.9,4.95,,
3504,"Pike, IN",18125,IN,Indiana,18,2007,13047,95.1,4-5.9,4.95,0.0,11.299999999999997
6247,"Pike, IN",18125,IN,Indiana,18,2008,13047,100.2,6-7.9,6.95,2.0,5.1000000000000085
9001,"Pike, IN",18125,IN,Indiana,18,2009,12836,106.6,6-7.9,6.95,0.0,6.3999999999999915
11742,"Pike, IN",18125,IN,Indiana,18,2010,12850,113.8,6-7.9,6.95,0.0,7.200000000000003
14480,"Pike, IN",18125,IN,Indiana,18,2011,12759,129.7,8-9.9,8.95,1.9999999999999991,15.899999999999991
17222,"Pike, IN",18125,IN,Indiana,18,2012,12779,118.2,8-9.9,8.95,0.0,-11.499999999999986
19959,"Pike, IN",18125,IN,Indiana,18,2013,12660,102.8,10-11.9,10.95,2.0,-15.400000000000006
22742,"Pike, IN",18125,IN,Indiana,18,2014,12641,89.0,10-11.9,10.95,0.0,-13.799999999999997
25696,"Pike, IN",18125,IN,Indiana,18,2015,12594,90.3,12-13.9,12.95,2.0,1.2999999999999972
28652,"Pike, IN",18125,IN,Indiana,18,2016,12431,94.6,12-13.9,12.95,0.0,4.299999999999997
756,"Porter, IN",18127,IN,Indiana,18,2006,158595,89.2,8-9.9,8.95,,
3505,"Porter, IN",18127,IN,Indiana,18,2007,160835,94.9,10-11.9,10.95,2.0,5.700000000000003
6248,"Porter, IN",18127,IN,Indiana,18,2008,162538,98.1,10-11.9,10.95,0.0,3.1999999999999886
9002,"Porter, IN",18127,IN,Indiana,18,2009,163572,100.5,10-11.9,10.95,0.0,2.4000000000000057
11743,"Porter, IN",18127,IN,Indiana,18,2010,164550,102.1,12-13.9,12.95,2.0,1.5999999999999943
14481,"Porter, IN",18127,IN,Indiana,18,2011,165510,100.7,12-13.9,12.95,0.0,-1.3999999999999915
17223,"Porter, IN",18127,IN,Indiana,18,2012,165765,107.0,12-13.9,12.95,0.0,6.299999999999997
19960,"Porter, IN",18127,IN,Indiana,18,2013,166578,105.7,14-15.9,14.95,2.0,-1.2999999999999972
22743,"Porter, IN",18127,IN,Indiana,18,2014,167308,100.8,14-15.9,14.95,0.0,-4.900000000000006
25697,"Porter, IN",18127,IN,Indiana,18,2015,167688,96.2,16-17.9,16.95,2.0,-4.599999999999994
28653,"Porter, IN",18127,IN,Indiana,18,2016,167791,89.9,16-17.9,16.95,0.0,-6.299999999999997
757,"Posey, IN",18129,IN,Indiana,18,2006,26348,71.0,6-7.9,6.95,,
3506,"Posey, IN",18129,IN,Indiana,18,2007,26229,67.7,6-7.9,6.95,0.0,-3.299999999999997
6249,"Posey, IN",18129,IN,Indiana,18,2008,26080,69.6,6-7.9,6.95,0.0,1.8999999999999915
9003,"Posey, IN",18129,IN,Indiana,18,2009,25941,69.0,6-7.9,6.95,0.0,-0.5999999999999943
11744,"Posey, IN",18129,IN,Indiana,18,2010,25857,71.6,8-9.9,8.95,1.9999999999999991,2.5999999999999943
14482,"Posey, IN",18129,IN,Indiana,18,2011,25686,69.9,8-9.9,8.95,0.0,-1.6999999999999886
17224,"Posey, IN",18129,IN,Indiana,18,2012,25620,72.5,8-9.9,8.95,0.0,2.5999999999999943
19961,"Posey, IN",18129,IN,Indiana,18,2013,25497,76.2,10-11.9,10.95,2.0,3.700000000000003
22744,"Posey, IN",18129,IN,Indiana,18,2014,25520,57.5,10-11.9,10.95,0.0,-18.700000000000003
25698,"Posey, IN",18129,IN,Indiana,18,2015,25512,57.6,10-11.9,10.95,0.0,0.10000000000000142
28654,"Posey, IN",18129,IN,Indiana,18,2016,25476,55.7,12-13.9,12.95,2.0,-1.8999999999999986
758,"Pulaski, IN",18131,IN,Indiana,18,2006,13713,70.5,10-11.9,10.95,,
3507,"Pulaski, IN",18131,IN,Indiana,18,2007,13724,68.3,10-11.9,10.95,0.0,-2.200000000000003
6250,"Pulaski, IN",18131,IN,Indiana,18,2008,13646,80.1,12-13.9,12.95,2.0,11.799999999999997
9004,"Pulaski, IN",18131,IN,Indiana,18,2009,13548,82.9,12-13.9,12.95,0.0,2.8000000000000114
11745,"Pulaski, IN",18131,IN,Indiana,18,2010,13356,88.0,14-15.9,14.95,2.0,5.099999999999994
14483,"Pulaski, IN",18131,IN,Indiana,18,2011,13291,89.6,16-17.9,16.95,2.0,1.5999999999999943
17225,"Pulaski, IN",18131,IN,Indiana,18,2012,13063,90.7,16-17.9,16.95,0.0,1.1000000000000085
19962,"Pulaski, IN",18131,IN,Indiana,18,2013,13011,82.4,18-19.9,18.95,2.0,-8.299999999999997
22745,"Pulaski, IN",18131,IN,Indiana,18,2014,12979,78.0,20-21.9,20.95,2.0,-4.400000000000006
25699,"Pulaski, IN",18131,IN,Indiana,18,2015,12889,61.5,22-23.9,22.95,2.0,-16.5
28655,"Pulaski, IN",18131,IN,Indiana,18,2016,12660,71.5,22-23.9,22.95,0.0,10.0
759,"Putnam, IN",18133,IN,Indiana,18,2006,37768,64.3,4-5.9,4.95,,
3508,"Putnam, IN",18133,IN,Indiana,18,2007,38189,68.2,6-7.9,6.95,2.0,3.9000000000000057
6251,"Putnam, IN",18133,IN,Indiana,18,2008,38325,73.7,6-7.9,6.95,0.0,5.5
9005,"Putnam, IN",18133,IN,Indiana,18,2009,38052,88.1,6-7.9,6.95,0.0,14.399999999999991
11746,"Putnam, IN",18133,IN,Indiana,18,2010,37908,90.4,6-7.9,6.95,0.0,2.3000000000000114
14484,"Putnam, IN",18133,IN,Indiana,18,2011,37850,90.7,8-9.9,8.95,1.9999999999999991,0.29999999999999716
17226,"Putnam, IN",18133,IN,Indiana,18,2012,37647,99.7,8-9.9,8.95,0.0,9.0
19963,"Putnam, IN",18133,IN,Indiana,18,2013,37507,93.8,8-9.9,8.95,0.0,-5.900000000000006
22746,"Putnam, IN",18133,IN,Indiana,18,2014,37660,91.9,10-11.9,10.95,2.0,-1.8999999999999915
25700,"Putnam, IN",18133,IN,Indiana,18,2015,37585,84.5,10-11.9,10.95,0.0,-7.400000000000006
28656,"Putnam, IN",18133,IN,Indiana,18,2016,37436,78.8,10-11.9,10.95,0.0,-5.700000000000003
760,"Randolph, IN",18135,IN,Indiana,18,2006,26415,88.1,8-9.9,8.95,,
3509,"Randolph, IN",18135,IN,Indiana,18,2007,26223,89.9,8-9.9,8.95,0.0,1.8000000000000114
6252,"Randolph, IN",18135,IN,Indiana,18,2008,26300,93.6,8-9.9,8.95,0.0,3.6999999999999886
9006,"Randolph, IN",18135,IN,Indiana,18,2009,26240,88.2,10-11.9,10.95,2.0,-5.3999999999999915
11747,"Randolph, IN",18135,IN,Indiana,18,2010,26180,90.0,10-11.9,10.95,0.0,1.7999999999999972
14485,"Randolph, IN",18135,IN,Indiana,18,2011,26017,92.0,12-13.9,12.95,2.0,2.0
17227,"Randolph, IN",18135,IN,Indiana,18,2012,25850,108.8,12-13.9,12.95,0.0,16.799999999999997
19964,"Randolph, IN",18135,IN,Indiana,18,2013,25600,107.0,12-13.9,12.95,0.0,-1.7999999999999972
22747,"Randolph, IN",18135,IN,Indiana,18,2014,25341,101.5,14-15.9,14.95,2.0,-5.5
25701,"Randolph, IN",18135,IN,Indiana,18,2015,25172,84.5,14-15.9,14.95,0.0,-17.0
28657,"Randolph, IN",18135,IN,Indiana,18,2016,25082,77.2,16-17.9,16.95,2.0,-7.299999999999997
761,"Ripley, IN",18137,IN,Indiana,18,2006,28352,87.4,8-9.9,8.95,,
3510,"Ripley, IN",18137,IN,Indiana,18,2007,28361,92.9,8-9.9,8.95,0.0,5.5
6253,"Ripley, IN",18137,IN,Indiana,18,2008,28605,104.1,10-11.9,10.95,2.0,11.199999999999989
9007,"Ripley, IN",18137,IN,Indiana,18,2009,28716,108.2,10-11.9,10.95,0.0,4.1000000000000085
11748,"Ripley, IN",18137,IN,Indiana,18,2010,28835,108.2,12-13.9,12.95,2.0,0.0
14486,"Ripley, IN",18137,IN,Indiana,18,2011,28749,109.3,12-13.9,12.95,0.0,1.0999999999999943
17228,"Ripley, IN",18137,IN,Indiana,18,2012,28569,119.9,12-13.9,12.95,0.0,10.600000000000009
19965,"Ripley, IN",18137,IN,Indiana,18,2013,28493,120.6,14-15.9,14.95,2.0,0.6999999999999886
22748,"Ripley, IN",18137,IN,Indiana,18,2014,28548,107.0,14-15.9,14.95,0.0,-13.599999999999994
25702,"Ripley, IN",18137,IN,Indiana,18,2015,28701,105.0,16-17.9,16.95,2.0,-2.0
28658,"Ripley, IN",18137,IN,Indiana,18,2016,28846,107.8,18-19.9,18.95,2.0,2.799999999999997
762,"Rush, IN",18139,IN,Indiana,18,2006,17723,92.3,6-7.9,6.95,,
3511,"Rush, IN",18139,IN,Indiana,18,2007,17756,91.4,8-9.9,8.95,1.9999999999999991,-0.8999999999999915
6254,"Rush, IN",18139,IN,Indiana,18,2008,17543,105.0,8-9.9,8.95,0.0,13.599999999999994
9008,"Rush, IN",18139,IN,Indiana,18,2009,17461,109.2,8-9.9,8.95,0.0,4.200000000000003
11749,"Rush, IN",18139,IN,Indiana,18,2010,17367,109.3,10-11.9,10.95,2.0,0.09999999999999432
14487,"Rush, IN",18139,IN,Indiana,18,2011,17316,105.4,10-11.9,10.95,0.0,-3.8999999999999915
17229,"Rush, IN",18139,IN,Indiana,18,2012,17134,111.1,12-13.9,12.95,2.0,5.699999999999989
19966,"Rush, IN",18139,IN,Indiana,18,2013,17001,107.9,12-13.9,12.95,0.0,-3.1999999999999886
22749,"Rush, IN",18139,IN,Indiana,18,2014,16834,98.4,14-15.9,14.95,2.0,-9.5
25703,"Rush, IN",18139,IN,Indiana,18,2015,16672,88.9,14-15.9,14.95,0.0,-9.5
28659,"Rush, IN",18139,IN,Indiana,18,2016,16649,79.2,16-17.9,16.95,2.0,-9.700000000000003
763,"St. Joseph, IN",18141,IN,Indiana,18,2006,265496,86.5,6-7.9,6.95,,
3512,"St. Joseph, IN",18141,IN,Indiana,18,2007,266045,92.4,8-9.9,8.95,1.9999999999999991,5.900000000000006
6255,"St. Joseph, IN",18141,IN,Indiana,18,2008,267282,93.1,8-9.9,8.95,0.0,0.6999999999999886
9009,"St. Joseph, IN",18141,IN,Indiana,18,2009,266827,94.4,8-9.9,8.95,0.0,1.3000000000000114
11750,"St. Joseph, IN",18141,IN,Indiana,18,2010,266797,96.9,8-9.9,8.95,0.0,2.5
14488,"St. Joseph, IN",18141,IN,Indiana,18,2011,266701,96.9,10-11.9,10.95,2.0,0.0
17230,"St. Joseph, IN",18141,IN,Indiana,18,2012,266524,100.5,10-11.9,10.95,0.0,3.5999999999999943
19967,"St. Joseph, IN",18141,IN,Indiana,18,2013,266885,97.3,10-11.9,10.95,0.0,-3.200000000000003
22750,"St. Joseph, IN",18141,IN,Indiana,18,2014,267679,90.6,12-13.9,12.95,2.0,-6.700000000000003
25704,"St. Joseph, IN",18141,IN,Indiana,18,2015,268441,85.8,12-13.9,12.95,0.0,-4.799999999999997
28660,"St. Joseph, IN",18141,IN,Indiana,18,2016,269141,81.3,12-13.9,12.95,0.0,-4.5
764,"Scott, IN",18143,IN,Indiana,18,2006,23982,204.6,20-21.9,20.95,,
3513,"Scott, IN",18143,IN,Indiana,18,2007,24137,229.6,20-21.9,20.95,0.0,25.0
6256,"Scott, IN",18143,IN,Indiana,18,2008,24089,247.4,22-23.9,22.95,2.0,17.80000000000001
9010,"Scott, IN",18143,IN,Indiana,18,2009,24165,241.3,24-25.9,24.95,2.0,-6.099999999999994
11751,"Scott, IN",18143,IN,Indiana,18,2010,24173,239.4,24-25.9,24.95,0.0,-1.9000000000000057
14489,"Scott, IN",18143,IN,Indiana,18,2011,23928,238.8,26-27.9,26.95,2.0,-0.5999999999999943
17231,"Scott, IN",18143,IN,Indiana,18,2012,23765,237.4,28-29.9,28.95,2.0,-1.4000000000000057
19968,"Scott, IN",18143,IN,Indiana,18,2013,23800,221.7,30+,30.0,1.0500000000000007,-15.700000000000017
22751,"Scott, IN",18143,IN,Indiana,18,2014,23678,199.3,30+,30.0,0.0,-22.399999999999977
25705,"Scott, IN",18143,IN,Indiana,18,2015,23744,167.5,30+,30.0,0.0,-31.80000000000001
28661,"Scott, IN",18143,IN,Indiana,18,2016,23730,149.0,30+,30.0,0.0,-18.5
765,"Shelby, IN",18145,IN,Indiana,18,2006,43812,88.7,8-9.9,8.95,,
3514,"Shelby, IN",18145,IN,Indiana,18,2007,44086,94.9,8-9.9,8.95,0.0,6.200000000000003
6257,"Shelby, IN",18145,IN,Indiana,18,2008,44345,100.1,10-11.9,10.95,2.0,5.199999999999989
9011,"Shelby, IN",18145,IN,Indiana,18,2009,44551,101.1,10-11.9,10.95,0.0,1.0
11752,"Shelby, IN",18145,IN,Indiana,18,2010,44319,111.5,10-11.9,10.95,0.0,10.400000000000006
14490,"Shelby, IN",18145,IN,Indiana,18,2011,44368,111.1,12-13.9,12.95,2.0,-0.4000000000000057
17232,"Shelby, IN",18145,IN,Indiana,18,2012,44371,103.6,12-13.9,12.95,0.0,-7.5
19969,"Shelby, IN",18145,IN,Indiana,18,2013,44455,103.1,14-15.9,14.95,2.0,-0.5
22752,"Shelby, IN",18145,IN,Indiana,18,2014,44531,95.5,14-15.9,14.95,0.0,-7.599999999999994
25706,"Shelby, IN",18145,IN,Indiana,18,2015,44478,83.3,14-15.9,14.95,0.0,-12.200000000000003
28662,"Shelby, IN",18145,IN,Indiana,18,2016,44324,78.2,16-17.9,16.95,2.0,-5.099999999999994
766,"Spencer, IN",18147,IN,Indiana,18,2006,20977,13.1,6-7.9,6.95,,
9012,"Spencer, IN",18147,IN,Indiana,18,2009,20992,15.3,6-7.9,6.95,0.0,2.200000000000001
11753,"Spencer, IN",18147,IN,Indiana,18,2010,20880,30.0,8-9.9,8.95,1.9999999999999991,14.7
14491,"Spencer, IN",18147,IN,Indiana,18,2011,21045,45.1,8-9.9,8.95,0.0,15.100000000000001
17233,"Spencer, IN",18147,IN,Indiana,18,2012,20863,78.2,8-9.9,8.95,0.0,33.1
19970,"Spencer, IN",18147,IN,Indiana,18,2013,20827,80.1,10-11.9,10.95,2.0,1.8999999999999915
22753,"Spencer, IN",18147,IN,Indiana,18,2014,20831,76.2,10-11.9,10.95,0.0,-3.8999999999999915
25707,"Spencer, IN",18147,IN,Indiana,18,2015,20715,44.2,12-13.9,12.95,2.0,-32.0
28663,"Spencer, IN",18147,IN,Indiana,18,2016,20648,39.5,12-13.9,12.95,0.0,-4.700000000000003
767,"Starke, IN",18149,IN,Indiana,18,2006,23362,121.2,20-21.9,20.95,,
3515,"Starke, IN",18149,IN,Indiana,18,2007,23260,133.3,20-21.9,20.95,0.0,12.100000000000009
6258,"Starke, IN",18149,IN,Indiana,18,2008,23379,137.7,22-23.9,22.95,2.0,4.399999999999977
9013,"Starke, IN",18149,IN,Indiana,18,2009,23343,143.4,24-25.9,24.95,2.0,5.700000000000017
11754,"Starke, IN",18149,IN,Indiana,18,2010,23357,146.8,26-27.9,26.95,2.0,3.4000000000000057
14492,"Starke, IN",18149,IN,Indiana,18,2011,23207,147.6,28-29.9,28.95,2.0,0.799999999999983
17234,"Starke, IN",18149,IN,Indiana,18,2012,23193,155.8,30+,30.0,1.0500000000000007,8.200000000000017
19971,"Starke, IN",18149,IN,Indiana,18,2013,23188,143.3,30+,30.0,0.0,-12.5
22754,"Starke, IN",18149,IN,Indiana,18,2014,23037,125.7,30+,30.0,0.0,-17.60000000000001
25708,"Starke, IN",18149,IN,Indiana,18,2015,22958,118.2,30+,30.0,0.0,-7.5
28664,"Starke, IN",18149,IN,Indiana,18,2016,23009,114.9,30+,30.0,0.0,-3.299999999999997
768,"Steuben, IN",18151,IN,Indiana,18,2006,34044,92.4,4-5.9,4.95,,
3516,"Steuben, IN",18151,IN,Indiana,18,2007,34004,99.0,4-5.9,4.95,0.0,6.599999999999994
6259,"Steuben, IN",18151,IN,Indiana,18,2008,34055,106.3,4-5.9,4.95,0.0,7.299999999999997
9014,"Steuben, IN",18151,IN,Indiana,18,2009,34194,109.1,4-5.9,4.95,0.0,2.799999999999997
11755,"Steuben, IN",18151,IN,Indiana,18,2010,34137,106.3,6-7.9,6.95,2.0,-2.799999999999997
14493,"Steuben, IN",18151,IN,Indiana,18,2011,34064,106.1,6-7.9,6.95,0.0,-0.20000000000000284
17235,"Steuben, IN",18151,IN,Indiana,18,2012,34164,98.8,6-7.9,6.95,0.0,-7.299999999999997
19972,"Steuben, IN",18151,IN,Indiana,18,2013,34328,94.8,6-7.9,6.95,0.0,-4.0
22755,"Steuben, IN",18151,IN,Indiana,18,2014,34406,92.1,8-9.9,8.95,1.9999999999999991,-2.700000000000003
25709,"Steuben, IN",18151,IN,Indiana,18,2015,34372,88.2,8-9.9,8.95,0.0,-3.8999999999999915
28665,"Steuben, IN",18151,IN,Indiana,18,2016,34116,82.3,8-9.9,8.95,0.0,-5.900000000000006
769,"Sullivan, IN",18153,IN,Indiana,18,2006,21540,77.5,12-13.9,12.95,,
3517,"Sullivan, IN",18153,IN,Indiana,18,2007,21558,78.4,14-15.9,14.95,2.0,0.9000000000000057
6260,"Sullivan, IN",18153,IN,Indiana,18,2008,21550,82.6,14-15.9,14.95,0.0,4.199999999999989
9015,"Sullivan, IN",18153,IN,Indiana,18,2009,21483,87.1,16-17.9,16.95,2.0,4.5
11756,"Sullivan, IN",18153,IN,Indiana,18,2010,21411,90.5,16-17.9,16.95,0.0,3.4000000000000057
14494,"Sullivan, IN",18153,IN,Indiana,18,2011,21237,130.0,18-19.9,18.95,2.0,39.5
17236,"Sullivan, IN",18153,IN,Indiana,18,2012,21215,147.1,18-19.9,18.95,0.0,17.099999999999994
19973,"Sullivan, IN",18153,IN,Indiana,18,2013,21174,136.4,20-21.9,20.95,2.0,-10.699999999999989
22756,"Sullivan, IN",18153,IN,Indiana,18,2014,21003,123.0,20-21.9,20.95,0.0,-13.400000000000006
25710,"Sullivan, IN",18153,IN,Indiana,18,2015,20928,109.1,22-23.9,22.95,2.0,-13.900000000000006
28666,"Sullivan, IN",18153,IN,Indiana,18,2016,20802,97.9,24-25.9,24.95,2.0,-11.199999999999989
770,"Switzerland, IN",18155,IN,Indiana,18,2006,10151,68.1,8-9.9,8.95,,
3518,"Switzerland, IN",18155,IN,Indiana,18,2007,10271,68.2,10-11.9,10.95,2.0,0.10000000000000853
6261,"Switzerland, IN",18155,IN,Indiana,18,2008,10387,66.2,12-13.9,12.95,2.0,-2.0
9016,"Switzerland, IN",18155,IN,Indiana,18,2009,10541,63.3,12-13.9,12.95,0.0,-2.9000000000000057
11757,"Switzerland, IN",18155,IN,Indiana,18,2010,10625,61.4,14-15.9,14.95,2.0,-1.8999999999999986
14495,"Switzerland, IN",18155,IN,Indiana,18,2011,10565,62.7,16-17.9,16.95,2.0,1.3000000000000043
17237,"Switzerland, IN",18155,IN,Indiana,18,2012,10397,64.9,18-19.9,18.95,2.0,2.200000000000003
19974,"Switzerland, IN",18155,IN,Indiana,18,2013,10523,60.2,18-19.9,18.95,0.0,-4.700000000000003
22757,"Switzerland, IN",18155,IN,Indiana,18,2014,10490,51.3,20-21.9,20.95,2.0,-8.900000000000006
25711,"Switzerland, IN",18155,IN,Indiana,18,2015,10524,47.9,22-23.9,22.95,2.0,-3.3999999999999986
28667,"Switzerland, IN",18155,IN,Indiana,18,2016,10527,45.6,24-25.9,24.95,2.0,-2.299999999999997
771,"Tippecanoe, IN",18157,IN,Indiana,18,2006,163010,80.3,8-9.9,8.95,,
3519,"Tippecanoe, IN",18157,IN,Indiana,18,2007,166226,86.7,8-9.9,8.95,0.0,6.400000000000006
6262,"Tippecanoe, IN",18157,IN,Indiana,18,2008,169039,85.4,8-9.9,8.95,0.0,-1.2999999999999972
9017,"Tippecanoe, IN",18157,IN,Indiana,18,2009,171937,83.6,10-11.9,10.95,2.0,-1.8000000000000114
11758,"Tippecanoe, IN",18157,IN,Indiana,18,2010,173048,83.9,10-11.9,10.95,0.0,0.30000000000001137
14496,"Tippecanoe, IN",18157,IN,Indiana,18,2011,175549,84.1,10-11.9,10.95,0.0,0.19999999999998863
17238,"Tippecanoe, IN",18157,IN,Indiana,18,2012,178426,90.5,12-13.9,12.95,2.0,6.400000000000006
19975,"Tippecanoe, IN",18157,IN,Indiana,18,2013,181290,87.5,12-13.9,12.95,0.0,-3.0
22758,"Tippecanoe, IN",18157,IN,Indiana,18,2014,183670,83.7,14-15.9,14.95,2.0,-3.799999999999997
25712,"Tippecanoe, IN",18157,IN,Indiana,18,2015,185826,78.2,14-15.9,14.95,0.0,-5.5
28668,"Tippecanoe, IN",18157,IN,Indiana,18,2016,188059,71.4,14-15.9,14.95,0.0,-6.799999999999997
772,"Tipton, IN",18159,IN,Indiana,18,2006,16326,87.7,10-11.9,10.95,,
3520,"Tipton, IN",18159,IN,Indiana,18,2007,16257,87.2,12-13.9,12.95,2.0,-0.5
6263,"Tipton, IN",18159,IN,Indiana,18,2008,16137,89.0,12-13.9,12.95,0.0,1.7999999999999972
9018,"Tipton, IN",18159,IN,Indiana,18,2009,16046,96.1,14-15.9,14.95,2.0,7.099999999999994
11759,"Tipton, IN",18159,IN,Indiana,18,2010,15879,90.3,14-15.9,14.95,0.0,-5.799999999999997
14497,"Tipton, IN",18159,IN,Indiana,18,2011,15851,80.8,16-17.9,16.95,2.0,-9.5
17239,"Tipton, IN",18159,IN,Indiana,18,2012,15728,89.9,16-17.9,16.95,0.0,9.100000000000009
19976,"Tipton, IN",18159,IN,Indiana,18,2013,15588,81.8,18-19.9,18.95,2.0,-8.100000000000009
22759,"Tipton, IN",18159,IN,Indiana,18,2014,15429,67.6,20-21.9,20.95,2.0,-14.200000000000003
25713,"Tipton, IN",18159,IN,Indiana,18,2015,15267,62.0,20-21.9,20.95,0.0,-5.599999999999994
28669,"Tipton, IN",18159,IN,Indiana,18,2016,15182,59.0,22-23.9,22.95,2.0,-3.0
773,"Union, IN",18161,IN,Indiana,18,2006,7432,72.1,10-11.9,10.95,,
3521,"Union, IN",18161,IN,Indiana,18,2007,7467,69.2,10-11.9,10.95,0.0,-2.8999999999999915
6264,"Union, IN",18161,IN,Indiana,18,2008,7428,68.9,12-13.9,12.95,2.0,-0.29999999999999716
9019,"Union, IN",18161,IN,Indiana,18,2009,7466,69.8,14-15.9,14.95,2.0,0.8999999999999915
11760,"Union, IN",18161,IN,Indiana,18,2010,7532,67.5,14-15.9,14.95,0.0,-2.299999999999997
14498,"Union, IN",18161,IN,Indiana,18,2011,7472,64.8,16-17.9,16.95,2.0,-2.700000000000003
17240,"Union, IN",18161,IN,Indiana,18,2012,7334,65.9,18-19.9,18.95,2.0,1.1000000000000085
19977,"Union, IN",18161,IN,Indiana,18,2013,7284,64.1,20-21.9,20.95,2.0,-1.8000000000000114
22760,"Union, IN",18161,IN,Indiana,18,2014,7225,61.6,22-23.9,22.95,2.0,-2.499999999999993
25714,"Union, IN",18161,IN,Indiana,18,2015,7182,65.7,24-25.9,24.95,2.0,4.100000000000001
28670,"Union, IN",18161,IN,Indiana,18,2016,7212,56.3,26-27.9,26.95,2.0,-9.400000000000006
774,"Vanderburgh, IN",18163,IN,Indiana,18,2006,176822,138.6,12-13.9,12.95,,
3522,"Vanderburgh, IN",18163,IN,Indiana,18,2007,177789,143.8,14-15.9,14.95,2.0,5.200000000000017
6265,"Vanderburgh, IN",18163,IN,Indiana,18,2008,178053,150.3,14-15.9,14.95,0.0,6.5
9020,"Vanderburgh, IN",18163,IN,Indiana,18,2009,178995,154.6,16-17.9,16.95,2.0,4.299999999999983
11761,"Vanderburgh, IN",18163,IN,Indiana,18,2010,179856,157.0,16-17.9,16.95,0.0,2.4000000000000057
14499,"Vanderburgh, IN",18163,IN,Indiana,18,2011,180357,165.0,18-19.9,18.95,2.0,8.0
17241,"Vanderburgh, IN",18163,IN,Indiana,18,2012,180854,183.3,18-19.9,18.95,0.0,18.30000000000001
19978,"Vanderburgh, IN",18163,IN,Indiana,18,2013,181521,174.7,20-21.9,20.95,2.0,-8.600000000000023
22761,"Vanderburgh, IN",18163,IN,Indiana,18,2014,181918,152.5,20-21.9,20.95,0.0,-22.19999999999999
25715,"Vanderburgh, IN",18163,IN,Indiana,18,2015,181877,139.3,22-23.9,22.95,2.0,-13.199999999999989
28671,"Vanderburgh, IN",18163,IN,Indiana,18,2016,181721,137.8,24-25.9,24.95,2.0,-1.5
775,"Vermillion, IN",18165,IN,Indiana,18,2006,16585,107.2,8-9.9,8.95,,
3523,"Vermillion, IN",18165,IN,Indiana,18,2007,16561,114.3,8-9.9,8.95,0.0,7.099999999999994
6266,"Vermillion, IN",18165,IN,Indiana,18,2008,16387,121.4,8-9.9,8.95,0.0,7.1000000000000085
9021,"Vermillion, IN",18165,IN,Indiana,18,2009,16377,126.3,10-11.9,10.95,2.0,4.8999999999999915
11762,"Vermillion, IN",18165,IN,Indiana,18,2010,16140,125.1,10-11.9,10.95,0.0,-1.2000000000000028
14500,"Vermillion, IN",18165,IN,Indiana,18,2011,16107,121.6,12-13.9,12.95,2.0,-3.5
17242,"Vermillion, IN",18165,IN,Indiana,18,2012,15950,122.1,12-13.9,12.95,0.0,0.5
19979,"Vermillion, IN",18165,IN,Indiana,18,2013,15858,119.2,14-15.9,14.95,2.0,-2.8999999999999915
22762,"Vermillion, IN",18165,IN,Indiana,18,2014,15694,104.3,14-15.9,14.95,0.0,-14.900000000000006
25716,"Vermillion, IN",18165,IN,Indiana,18,2015,15692,96.3,16-17.9,16.95,2.0,-8.0
28672,"Vermillion, IN",18165,IN,Indiana,18,2016,15645,92.2,16-17.9,16.95,0.0,-4.099999999999994
776,"Vigo, IN",18167,IN,Indiana,18,2006,106509,136.5,8-9.9,8.95,,
3524,"Vigo, IN",18167,IN,Indiana,18,2007,106885,157.3,10-11.9,10.95,2.0,20.80000000000001
6267,"Vigo, IN",18167,IN,Indiana,18,2008,106972,162.2,10-11.9,10.95,0.0,4.899999999999977
9022,"Vigo, IN",18167,IN,Indiana,18,2009,107429,156.9,10-11.9,10.95,0.0,-5.299999999999983
11763,"Vigo, IN",18167,IN,Indiana,18,2010,107896,169.7,12-13.9,12.95,2.0,12.799999999999983
14501,"Vigo, IN",18167,IN,Indiana,18,2011,108323,158.7,12-13.9,12.95,0.0,-11.0
17243,"Vigo, IN",18167,IN,Indiana,18,2012,108594,147.0,14-15.9,14.95,2.0,-11.699999999999989
19980,"Vigo, IN",18167,IN,Indiana,18,2013,108324,137.2,14-15.9,14.95,0.0,-9.800000000000011
22763,"Vigo, IN",18167,IN,Indiana,18,2014,108201,116.9,14-15.9,14.95,0.0,-20.299999999999983
25717,"Vigo, IN",18167,IN,Indiana,18,2015,107896,111.3,16-17.9,16.95,2.0,-5.6000000000000085
28673,"Vigo, IN",18167,IN,Indiana,18,2016,107931,103.8,16-17.9,16.95,0.0,-7.5
777,"Wabash, IN",18169,IN,Indiana,18,2006,33665,94.8,10-11.9,10.95,,
3525,"Wabash, IN",18169,IN,Indiana,18,2007,33361,105.6,12-13.9,12.95,2.0,10.799999999999997
6268,"Wabash, IN",18169,IN,Indiana,18,2008,33238,105.8,12-13.9,12.95,0.0,0.20000000000000284
9023,"Wabash, IN",18169,IN,Indiana,18,2009,33036,107.2,12-13.9,12.95,0.0,1.4000000000000057
11764,"Wabash, IN",18169,IN,Indiana,18,2010,32854,107.9,14-15.9,14.95,2.0,0.7000000000000028
14502,"Wabash, IN",18169,IN,Indiana,18,2011,32585,108.1,14-15.9,14.95,0.0,0.19999999999998863
17244,"Wabash, IN",18169,IN,Indiana,18,2012,32435,116.3,16-17.9,16.95,2.0,8.200000000000003
19981,"Wabash, IN",18169,IN,Indiana,18,2013,32351,113.6,18-19.9,18.95,2.0,-2.700000000000003
22764,"Wabash, IN",18169,IN,Indiana,18,2014,32282,105.2,18-19.9,18.95,0.0,-8.399999999999991
25718,"Wabash, IN",18169,IN,Indiana,18,2015,32138,98.2,20-21.9,20.95,2.0,-7.0
28674,"Wabash, IN",18169,IN,Indiana,18,2016,31762,94.2,20-21.9,20.95,0.0,-4.0
778,"Warrick, IN",18173,IN,Indiana,18,2006,56746,81.7,4-5.9,4.95,,
3526,"Warrick, IN",18173,IN,Indiana,18,2007,57754,88.0,4-5.9,4.95,0.0,6.299999999999997
6269,"Warrick, IN",18173,IN,Indiana,18,2008,58435,86.8,4-5.9,4.95,0.0,-1.2000000000000028
9024,"Warrick, IN",18173,IN,Indiana,18,2009,59197,86.0,4-5.9,4.95,0.0,-0.7999999999999972
11765,"Warrick, IN",18173,IN,Indiana,18,2010,59850,94.1,4-5.9,4.95,0.0,8.099999999999994
14503,"Warrick, IN",18173,IN,Indiana,18,2011,60241,94.7,6-7.9,6.95,2.0,0.6000000000000085
17245,"Warrick, IN",18173,IN,Indiana,18,2012,60481,101.3,6-7.9,6.95,0.0,6.599999999999994
19982,"Warrick, IN",18173,IN,Indiana,18,2013,61089,95.5,6-7.9,6.95,0.0,-5.799999999999997
22765,"Warrick, IN",18173,IN,Indiana,18,2014,61267,89.6,6-7.9,6.95,0.0,-5.900000000000006
25719,"Warrick, IN",18173,IN,Indiana,18,2015,61897,85.4,6-7.9,6.95,0.0,-4.199999999999989
28675,"Warrick, IN",18173,IN,Indiana,18,2016,62498,83.4,8-9.9,8.95,1.9999999999999991,-2.0
779,"Washington, IN",18175,IN,Indiana,18,2006,28164,88.0,8-9.9,8.95,,
3527,"Washington, IN",18175,IN,Indiana,18,2007,28236,101.3,8-9.9,8.95,0.0,13.299999999999997
6270,"Washington, IN",18175,IN,Indiana,18,2008,28298,116.5,10-11.9,10.95,2.0,15.200000000000003
9025,"Washington, IN",18175,IN,Indiana,18,2009,28144,120.4,10-11.9,10.95,0.0,3.9000000000000057
11766,"Washington, IN",18175,IN,Indiana,18,2010,28284,115.1,10-11.9,10.95,0.0,-5.300000000000011
14504,"Washington, IN",18175,IN,Indiana,18,2011,28178,117.7,12-13.9,12.95,2.0,2.6000000000000085
17246,"Washington, IN",18175,IN,Indiana,18,2012,27928,111.7,12-13.9,12.95,0.0,-6.0
19983,"Washington, IN",18175,IN,Indiana,18,2013,27814,104.7,14-15.9,14.95,2.0,-7.0
22766,"Washington, IN",18175,IN,Indiana,18,2014,27904,95.7,14-15.9,14.95,0.0,-9.0
25720,"Washington, IN",18175,IN,Indiana,18,2015,27827,92.7,16-17.9,16.95,2.0,-3.0
28676,"Washington, IN",18175,IN,Indiana,18,2016,27670,74.3,16-17.9,16.95,0.0,-18.400000000000006
780,"Wayne, IN",18177,IN,Indiana,18,2006,69642,116.2,12-13.9,12.95,,
3528,"Wayne, IN",18177,IN,Indiana,18,2007,69365,121.5,14-15.9,14.95,2.0,5.299999999999997
6271,"Wayne, IN",18177,IN,Indiana,18,2008,69093,124.9,14-15.9,14.95,0.0,3.4000000000000057
9026,"Wayne, IN",18177,IN,Indiana,18,2009,68984,129.8,16-17.9,16.95,2.0,4.900000000000006
11767,"Wayne, IN",18177,IN,Indiana,18,2010,68900,129.7,16-17.9,16.95,0.0,-0.10000000000002274
14505,"Wayne, IN",18177,IN,Indiana,18,2011,68754,127.5,18-19.9,18.95,2.0,-2.1999999999999886
17247,"Wayne, IN",18177,IN,Indiana,18,2012,68287,130.7,18-19.9,18.95,0.0,3.1999999999999886
19984,"Wayne, IN",18177,IN,Indiana,18,2013,67839,132.9,20-21.9,20.95,2.0,2.200000000000017
22767,"Wayne, IN",18177,IN,Indiana,18,2014,67447,123.0,20-21.9,20.95,0.0,-9.900000000000006
25721,"Wayne, IN",18177,IN,Indiana,18,2015,67001,114.4,22-23.9,22.95,2.0,-8.599999999999994
28677,"Wayne, IN",18177,IN,Indiana,18,2016,66568,101.5,24-25.9,24.95,2.0,-12.900000000000006
781,"Wells, IN",18179,IN,Indiana,18,2006,27872,77.0,6-7.9,6.95,,
3529,"Wells, IN",18179,IN,Indiana,18,2007,27836,77.1,6-7.9,6.95,0.0,0.09999999999999432
6272,"Wells, IN",18179,IN,Indiana,18,2008,27751,76.8,8-9.9,8.95,1.9999999999999991,-0.29999999999999716
9027,"Wells, IN",18179,IN,Indiana,18,2009,27620,73.8,8-9.9,8.95,0.0,-3.0
11768,"Wells, IN",18179,IN,Indiana,18,2010,27674,72.0,8-9.9,8.95,0.0,-1.7999999999999972
14506,"Wells, IN",18179,IN,Indiana,18,2011,27751,73.6,10-11.9,10.95,2.0,1.5999999999999943
17248,"Wells, IN",18179,IN,Indiana,18,2012,27705,83.3,10-11.9,10.95,0.0,9.700000000000003
19985,"Wells, IN",18179,IN,Indiana,18,2013,27733,81.6,10-11.9,10.95,0.0,-1.7000000000000028
22768,"Wells, IN",18179,IN,Indiana,18,2014,27827,79.7,12-13.9,12.95,2.0,-1.8999999999999915
25722,"Wells, IN",18179,IN,Indiana,18,2015,27964,79.8,12-13.9,12.95,0.0,0.09999999999999432
28678,"Wells, IN",18179,IN,Indiana,18,2016,27949,75.5,12-13.9,12.95,0.0,-4.299999999999997
782,"White, IN",18181,IN,Indiana,18,2006,24830,77.7,6-7.9,6.95,,
3530,"White, IN",18181,IN,Indiana,18,2007,24762,84.1,8-9.9,8.95,1.9999999999999991,6.3999999999999915
6273,"White, IN",18181,IN,Indiana,18,2008,24871,83.0,8-9.9,8.95,0.0,-1.0999999999999943
9028,"White, IN",18181,IN,Indiana,18,2009,24573,87.3,8-9.9,8.95,0.0,4.299999999999997
11769,"White, IN",18181,IN,Indiana,18,2010,24684,88.9,10-11.9,10.95,2.0,1.6000000000000085
14507,"White, IN",18181,IN,Indiana,18,2011,24506,92.1,10-11.9,10.95,0.0,3.1999999999999886
17249,"White, IN",18181,IN,Indiana,18,2012,24395,98.6,10-11.9,10.95,0.0,6.5
19986,"White, IN",18181,IN,Indiana,18,2013,24339,99.9,12-13.9,12.95,2.0,1.3000000000000114
22769,"White, IN",18181,IN,Indiana,18,2014,24408,96.4,12-13.9,12.95,0.0,-3.5
25723,"White, IN",18181,IN,Indiana,18,2015,24293,89.5,14-15.9,14.95,2.0,-6.900000000000006
28679,"White, IN",18181,IN,Indiana,18,2016,23999,83.0,14-15.9,14.95,0.0,-6.5
783,"Whitley, IN",18183,IN,Indiana,18,2006,32597,97.9,4-5.9,4.95,,
3531,"Whitley, IN",18183,IN,Indiana,18,2007,32853,106.8,4-5.9,4.95,0.0,8.899999999999991
6274,"Whitley, IN",18183,IN,Indiana,18,2008,33047,113.4,6-7.9,6.95,2.0,6.6000000000000085
9029,"Whitley, IN",18183,IN,Indiana,18,2009,33125,114.4,6-7.9,6.95,0.0,1.0
11770,"Whitley, IN",18183,IN,Indiana,18,2010,33348,113.8,6-7.9,6.95,0.0,-0.6000000000000085
14508,"Whitley, IN",18183,IN,Indiana,18,2011,33305,117.6,6-7.9,6.95,0.0,3.799999999999997
17250,"Whitley, IN",18183,IN,Indiana,18,2012,33287,119.0,8-9.9,8.95,1.9999999999999991,1.4000000000000057
19987,"Whitley, IN",18183,IN,Indiana,18,2013,33242,118.3,8-9.9,8.95,0.0,-0.7000000000000028
22770,"Whitley, IN",18183,IN,Indiana,18,2014,33412,110.3,8-9.9,8.95,0.0,-8.0
25724,"Whitley, IN",18183,IN,Indiana,18,2015,33406,104.1,10-11.9,10.95,2.0,-6.200000000000003
28680,"Whitley, IN",18183,IN,Indiana,18,2016,33449,93.7,10-11.9,10.95,0.0,-10.399999999999991
